party,,,,R,D,R,D,R,D,R,D,R,R,D,R,D,R,D,D,D,R,R,D,R,D,R,R,R,R,R,D,D,R,R,D,R,R,D,R,R,D,D,R,D,D,R,R,R,R,R,D,D,R,ID,D,R,D,R,D,D,R,R,D,D,R,R,D,D,R,R,D,R,D,R,R,R,D,R,R,ID,R,D,D,R,R,D,R,D,D,D,R,D,R,R,R,D,D,D,D,D,R,D,R
state,,,,TN,WI,WY,CO,TN,CT,MO,NJ,AR,IN,OH,NC,WA,WV,MD,DE,PA,LA,ME,DE,TX,NV,AR,ND,ID,TX,MT,IL,IL,WY,IA,CA,NE,CO,NY,SC,IA,CA,NH,MO,NM,HI,ND,MS,OK,GA,WI,AL,VA,LA,ME,MN,OK,VT,UT,WV,MA,KY,AZ,NJ,OR,KS,AK,CT,WA,KY,GA,MI,OH,RI,ID,KS,UT,NV,SD,FL,VT,NE,HI,NY,FL,SC,NH,AL,AZ,MN,MI,AK,MT,SD,NC,PA,NM,MD,VA,MA,RI,MS,OR,IN
dw_nominate,,,,0.323,-0.521,0.534,-0.208,0.614,-0.411,0.429,-0.618,0.401,nan,-0.438,0.453,-0.292,0.261,-0.326,-0.175,-0.305,0.452,0.111,-0.239,0.495,-0.391,0.613,0.393,0.51,0.817,0.535,-0.32,-0.362,0.542,0.511,-0.27,0.468,0.45,-0.418,0.408,0.343,-0.701,-0.256,nan,-0.304,-0.487,0.342,0.387,0.554,0.402,0.607,-0.112,-0.237,0.508,-0.153,-0.25,0.58,-0.37,0.919,-0.059,-0.504,0.404,0.348,-0.363,-0.479,0.414,0.209,-0.306,-0.342,0.878,0.599,-0.238,0.375,-0.38,0.636,0.414,nan,-0.243,0.388,0.577,-0.521,0.807,-0.418,-0.351,nan,0.648,-0.251,0.43,-0.107,-0.344,-0.331,0.461,-0.21,0.411,0.419,0.642,-0.454,-0.392,-0.195,-0.762,-0.394,0.377,-0.321,0.48
member_id,,,,A000360,B001230,B001261,B001267,B001243,B001277,B000575,B001288,B001236,B001310,B000944,B001135,C000127,C001047,C000141,C000174,C001070,C001075,C001035,C001088,C001056,C001113,C001095,C001096,C000880,C001098,D000618,D000622,D000563,E000285,E000295,F000062,F000463,G000562,G000555,G000359,G000386,H001075,H001076,H001089,H001046,H001042,H001061,H001079,I000024,I000055,J000293,J000300,K000384,K000393,K000383,K000367,L000575,L000174,L000577,M001183,M000133,M000355,M001197,M000639,M001176,M000934,M001153,M001169,M001111,P000603,P000612,P000595,P000449,R000122,R000584,R000307,R000615,R000608,R000605,R000595,S000033,S001197,S001194,S000148,S001217,S001184,S001181,S000320,S001191,S001203,S000770,S001198,T000464,T000250,T000476,T000461,U000039,V000128,W000805,W000817,W000802,W000437,W000779,Y000064
name,,,,Lamar Alexander,Tammy Baldwin,John Barrasso,Michael Bennet,Marsha Blackburn,Richard Blumenthal,Roy Blunt,Cory Booker,John Boozman,Mike Braun,Sherrod Brown,Richard M. Burr,Maria Cantwell,Shelley Moore Capito,Benjamin L. Cardin,Thomas R. Carper,Bob Casey,Bill Cassidy,Susan Collins,Christopher A. Coons,John Cornyn,Catherine Cortez Masto,Tom Cotton,Kevin Cramer,Michael D. Crapo,Ted Cruz,Steve Daines,Tammy Duckworth,Richard J. Durbin,Michael B. Enzi,Joni Ernst,Dianne Feinstein,Deb Fischer,Cory Gardner,Kirsten E. Gillibrand,Lindsey Graham,Charles E. Grassley,Kamala Harris,Margaret Hassan,Joshua Hawley,Martin Heinrich,Mazie K. Hirono,John Hoeven,Cindy Hyde-Smith,James M. Inhofe,Johnny Isakson,Ron Johnson,Doug Jones,Tim Kaine,John Kennedy,Angus King,Amy Klobuchar,James Lankford,Patrick J. Leahy,Mike Lee,Joe Manchin III,Edward J. Markey,Mitch McConnell,Martha McSally,Robert Menendez,Jeff Merkley,Jerry Moran,Lisa Murkowski,Christopher S. Murphy,Patty Murray,Rand Paul,David Perdue,Gary Peters,Rob Portman,Jack Reed,Jim Risch,Pat Roberts,Mitt Romney,Jacky Rosen,Mike Rounds,Marco Rubio,Bernard Sanders,Ben Sasse,Brian Schatz,Charles E. Schumer,Rick Scott,Tim Scott,Jeanne Shaheen,Richard C. Shelby,Kyrsten Sinema,Tina Smith,Debbie Stabenow,Dan Sullivan,Jon Tester,John Thune,Thom Tillis,Patrick J. Toomey,Tom Udall,Chris Van Hollen,Mark Warner,Elizabeth Warren,Sheldon Whitehouse,Roger Wicker,Ron Wyden,Todd Young
congress,chamber,session,roll_call,,,,,,,,,,,,,,,,,,,,,,,,,,,,,,,,,,,,,,,,,,,,,,,,,,,,,,,,,,,,,,,,,,,,,,,,,,,,,,,,,,,,,,,,,,,,,,,,,,,,
116,Senate,1,1,Yes,No,Yes,No,Yes,No,Yes,No,Yes,Yes,No,Yes,No,Yes,No,No,No,Yes,Yes,No,Yes,No,Yes,Yes,Yes,Yes,Yes,No,No,Yes,Yes,No,Yes,Yes,No,Yes,Yes,No,No,Yes,No,No,Yes,Yes,Yes,Yes,Yes,Yes,No,Yes,No,No,Yes,No,Yes,Yes,No,No,Yes,Yes,No,Yes,Yes,No,No,Yes,Yes,No,Yes,No,Yes,Yes,Yes,No,Yes,Yes,No,Yes,No,No,Yes,Yes,No,Yes,Yes,No,No,Yes,No,Yes,Yes,Yes,No,No,No,No,No,Yes,No,Yes
116,Senate,1,2,Yes,No,Yes,No,Yes,No,Yes,No,Yes,Yes,No,Yes,No,Yes,No,No,No,Yes,Yes,No,Not Voting,No,Yes,Yes,Yes,Not Voting,Yes,No,No,Yes,Yes,No,Yes,Yes,No,Yes,Yes,No,No,Yes,No,No,Yes,Yes,Yes,Yes,Yes,Yes,No,Yes,No,No,Yes,No,Yes,Yes,No,Yes,Yes,Yes,No,Not Voting,Yes,No,No,Yes,Not Voting,No,Yes,No,Yes,Yes,Yes,No,Yes,Yes,No,Yes,No,No,Yes,Yes,No,Yes,Yes,No,No,Yes,No,Yes,Yes,Yes,No,No,No,No,No,Yes,No,Yes
116,Senate,1,3,Yes,No,Yes,No,Yes,No,Yes,No,Yes,Yes,No,Not Voting,No,Yes,No,No,No,Yes,Yes,No,Yes,No,Yes,Yes,Not Voting,Yes,Yes,Not Voting,Not Voting,Yes,Yes,No,Yes,Yes,No,Yes,Yes,No,No,Yes,No,No,Yes,Yes,Yes,Not Voting,Yes,Yes,No,Yes,No,No,Yes,No,Yes,Yes,No,No,Yes,No,No,Not Voting,Yes,No,No,Yes,Not Voting,No,Yes,No,Yes,Yes,Yes,No,Yes,Yes,No,Yes,No,No,Yes,Yes,No,Yes,Yes,No,No,Yes,No,Yes,Yes,Yes,No,No,No,No,No,Yes,No,Yes
116,Senate,1,4,Yes,No,Yes,No,Yes,No,Yes,No,No,Yes,No,Yes,No,Yes,No,No,No,Yes,No,No,Yes,No,No,Yes,Yes,Yes,No,No,No,Yes,Yes,No,Yes,No,Not Voting,Yes,Yes,No,No,No,No,No,Yes,Yes,Yes,Yes,Yes,No,No,No,No,No,Yes,No,Yes,No,No,Yes,No,No,No,No,Yes,No,No,Yes,Yes,No,Yes,No,Yes,Yes,Yes,No,Yes,No,No,No,No,No,Yes,Yes,No,Yes,No,No,No,Yes,No,Yes,Yes,Yes,No,No,No,No,No,Yes,No,Yes
116,Senate,1,5,No,Yes,No,Yes,No,Yes,No,Yes,Yes,No,Yes,No,Yes,No,Yes,Yes,Yes,No,Yes,Yes,No,Yes,Yes,No,No,No,Yes,Yes,Yes,No,No,Yes,No,Yes,Not Voting,No,No,Yes,Yes,Yes,Yes,Yes,No,No,No,No,No,Yes,Yes,Yes,Yes,Yes,No,Yes,No,Yes,Yes,No,Yes,Yes,Yes,Yes,No,Yes,Yes,No,No,Yes,No,Yes,No,No,No,Yes,No,Yes,Yes,Yes,Yes,Yes,No,No,Yes,No,Yes,Yes,Yes,No,Yes,No,No,No,Yes,Yes,Yes,Yes,Yes,No,Yes,No
116,Senate,1,6,No,Yes,No,Yes,No,Yes,No,Yes,Yes,No,Yes,No,Yes,No,Yes,Yes,Yes,No,Yes,Yes,No,Yes,Yes,No,No,No,Yes,Yes,Yes,No,No,Yes,No,Yes,Yes,No,No,Yes,Yes,Yes,Yes,Yes,No,No,No,No,No,Yes,Yes,Yes,Yes,Yes,No,Yes,No,Yes,Yes,No,Yes,Yes,Yes,Yes,No,Yes,Yes,No,No,Yes,No,Yes,No,No,No,Yes,No,Yes,Not Voting,Yes,Yes,Yes,No,No,Yes,No,Yes,Yes,Yes,No,Yes,No,No,No,Yes,Yes,Yes,Yes,Yes,No,Yes,No
116,Senate,1,7,Not Voting,No,Yes,No,Yes,No,Yes,No,Yes,Yes,No,Not Voting,No,Yes,No,No,Yes,Yes,No,No,Yes,No,Yes,Yes,Not Voting,Yes,Yes,No,No,Yes,Yes,No,Yes,Yes,No,Not Voting,Yes,No,No,Yes,No,No,Yes,Yes,Yes,Yes,Yes,No,No,Yes,No,No,Yes,No,Yes,Yes,No,Yes,Yes,No,No,Yes,No,No,No,Not Voting,Yes,No,Yes,No,Yes,Yes,Yes,No,Yes,Yes,No,Yes,No,No,Yes,Yes,No,Yes,No,No,No,Yes,No,Yes,Yes,Yes,No,No,No,No,No,Yes,No,Yes
116,Senate,1,8,No,Yes,Yes,Yes,Yes,Yes,Yes,No,Yes,Yes,Yes,Yes,Yes,Yes,Yes,Yes,Yes,Yes,Yes,Yes,Yes,Yes,No,Yes,Yes,Yes,Yes,Yes,Yes,No,Yes,Yes,Yes,Yes,Yes,Yes,Yes,Yes,Yes,Yes,Yes,Yes,No,Yes,Not Voting,Yes,Yes,Yes,Yes,No,Yes,Yes,Yes,Yes,No,Yes,Yes,Yes,Yes,Yes,Yes,Yes,Yes,Yes,Yes,Not Voting,Yes,Yes,Yes,Yes,Not Voting,Yes,Yes,Not Voting,Yes,Yes,Yes,Yes,Yes,Yes,Yes,Yes,Yes,Yes,Yes,Yes,Yes,Yes,Yes,Yes,Yes,No,Yes,Yes,Yes,Yes,Yes,Yes,Yes,Yes
116,Senate,1,9,Yes,No,Yes,No,Yes,No,Yes,No,Yes,Yes,No,Yes,No,Yes,No,No,No,Yes,Yes,No,Yes,No,No,Yes,Yes,Yes,Yes,No,No,Yes,Yes,No,Yes,Yes,No,Yes,Yes,No,No,Yes,No,No,Yes,Yes,Yes,Yes,Yes,No,No,Yes,No,No,Yes,No,No,Yes,No,Yes,Yes,No,No,Yes,Yes,No,No,Not Voting,Yes,No,Yes,No,Not Voting,Yes,Yes,Not Voting,Yes,Yes,No,Yes,No,No,Yes,Yes,No,Yes,No,No,No,Yes,No,Yes,Yes,Yes,No,No,No,No,No,Yes,No,Yes
116,Senate,1,10,Yes,Yes,No,Yes,No,Yes,No,Yes,No,No,Yes,Not Voting,Yes,No,Yes,Yes,Yes,No,Yes,Yes,No,Yes,No,No,No,No,No,Yes,Yes,No,No,Yes,No,Yes,Yes,No,No,Yes,Yes,No,Yes,Yes,No,No,No,Yes,No,Yes,Yes,No,Yes,Yes,No,Yes,No,Yes,Yes,No,No,Yes,Yes,No,Yes,Yes,Yes,Not Voting,No,Yes,No,Yes,Not Voting,No,Yes,Not Voting,No,No,Yes,No,Yes,Yes,No,No,Yes,No,Yes,Yes,Yes,No,Yes,No,No,No,Yes,Yes,Yes,Yes,Yes,No,Yes,No
116,Senate,1,11,Yes,No,Yes,Yes,Yes,Yes,Yes,Not Voting,Yes,Yes,No,Yes,Yes,Yes,Yes,No,Yes,Yes,Yes,Yes,Yes,Yes,Yes,Not Voting,Yes,Yes,Yes,Yes,No,Yes,Yes,No,Yes,Yes,No,Yes,Yes,Not Voting,Yes,Yes,No,No,Not Voting,Yes,Yes,Yes,Yes,Yes,No,Yes,Yes,Yes,Yes,No,Yes,Yes,Yes,Yes,Yes,Yes,No,Yes,Yes,No,Yes,Not Voting,Yes,No,Yes,No,Yes,Yes,Yes,Yes,Yes,Yes,No,Yes,Not Voting,Yes,Yes,Yes,No,Yes,Yes,Yes,Yes,Yes,Yes,Yes,Not Voting,Yes,No,No,Yes,No,Yes,Yes,Yes,Yes
116,Senate,1,12,Yes,No,Yes,Yes,Yes,Yes,Yes,No,Yes,Yes,No,Yes,Yes,Yes,Yes,No,Yes,Yes,Yes,Yes,Yes,Yes,Yes,Yes,Yes,Yes,Yes,Yes,No,Yes,Yes,No,Yes,Yes,No,Yes,Yes,No,Yes,Yes,No,No,Yes,Yes,Yes,Yes,Yes,Yes,No,Yes,Yes,Yes,Yes,No,Yes,Yes,Yes,Yes,Yes,Yes,No,Not Voting,Yes,No,Yes,Not Voting,Yes,No,Yes,No,Yes,Yes,Yes,Yes,Yes,Yes,No,Yes,No,Yes,Yes,Yes,No,Yes,Yes,Yes,Yes,Yes,Yes,Yes,Yes,Yes,No,No,Yes,No,Yes,Yes,Yes,Yes
116,Senate,1,13,Not Voting,No,Yes,Yes,Yes,Yes,Not Voting,No,Yes,Yes,Not Voting,Yes,Yes,Yes,No,Yes,Yes,Yes,Yes,Yes,Yes,Yes,Yes,Yes,Yes,No,Yes,Yes,Not Voting,Yes,Yes,Yes,Yes,Yes,No,Yes,Yes,No,Yes,Yes,No,No,Yes,Yes,Yes,Not Voting,Yes,Yes,Yes,No,Yes,No,Yes,No,No,Yes,No,Yes,Yes,Yes,No,Not Voting,Yes,No,Yes,Not Voting,Not Voting,Yes,Yes,Yes,Yes,Yes,Yes,Yes,Yes,Yes,No,Yes,No,No,Yes,Yes,Yes,Yes,Yes,No,Yes,Not Voting,Yes,Yes,Yes,Yes,No,No,Yes,No,Yes,Yes,No,Yes
116,Senate,1,14,Yes,No,Yes,Yes,Yes,Yes,Yes,No,Yes,Yes,No,Yes,Not Voting,Yes,No,Yes,Yes,Yes,Yes,Yes,Yes,Yes,Yes,Yes,Yes,No,Yes,Yes,No,Yes,Yes,Yes,Yes,Not Voting,No,Yes,Yes,No,Yes,Yes,No,No,Yes,Yes,Yes,Yes,Yes,Yes,Yes,No,Yes,No,Yes,No,No,Yes,No,Yes,Yes,Yes,No,Yes,Not Voting,No,Yes,No,Not Voting,Yes,Yes,Yes,Yes,Yes,Yes,Yes,Yes,Yes,No,Yes,No,No,Yes,Yes,Yes,Yes,Yes,No,Yes,Yes,Yes,Yes,Yes,Yes,No,No,Yes,No,Yes,Yes,No,Yes
116,Senate,1,15,Yes,No,Yes,Yes,Yes,Yes,Yes,No,Yes,Yes,No,Yes,Not Voting,Yes,Yes,No,Yes,Yes,Yes,Yes,Yes,Yes,Yes,Yes,Yes,Yes,Yes,Yes,No,Yes,Yes,No,Yes,Not Voting,No,Yes,Yes,No,Yes,Yes,No,No,Yes,Yes,Yes,Yes,Yes,Yes,No,Yes,Yes,Yes,Yes,No,Yes,Yes,No,Yes,Yes,Yes,No,Yes,Not Voting,No,Yes,No,Not Voting,No,Yes,No,Yes,Yes,Yes,Yes,Yes,Yes,No,Yes,No,Yes,Yes,Yes,No,Yes,Yes,Yes,Yes,Yes,Yes,Yes,Yes,Yes,No,No,Yes,No,Yes,Yes,Yes,Yes
116,Senate,1,16,Yes,No,Yes,Yes,Yes,Yes,Yes,No,Yes,Yes,No,Yes,Yes,Yes,Yes,No,Yes,Yes,Yes,Yes,Yes,Yes,Yes,Yes,Yes,Yes,Yes,Yes,No,Yes,Yes,No,Yes,Yes,No,Yes,Yes,No,Yes,Yes,No,No,Yes,Yes,Yes,Yes,Yes,Yes,No,Yes,Yes,Yes,Yes,No,Yes,Yes,No,Yes,Yes,Yes,No,Yes,Yes,No,Yes,No,Yes,Yes,Yes,No,Yes,Yes,Yes,Yes,Yes,Yes,No,Yes,No,Yes,Yes,Yes,No,Yes,Yes,Yes,Yes,Yes,Yes,Yes,Yes,Yes,No,No,Yes,No,Yes,Yes,Yes,Yes
116,Senate,1,17,Yes,Yes,Yes,Yes,Yes,Yes,Yes,Yes,Yes,Yes,Yes,Yes,Yes,Yes,Yes,Yes,Yes,Yes,Yes,Yes,Yes,Yes,Yes,Yes,Yes,Yes,Yes,Yes,Yes,Yes,Yes,Yes,Yes,Yes,Yes,Yes,Yes,Yes,Yes,Yes,Yes,Yes,Yes,Yes,Yes,Yes,Yes,Yes,Yes,Yes,Yes,Yes,Yes,Yes,Yes,Yes,Yes,Yes,Yes,Yes,Yes,Yes,Yes,Yes,Yes,No,Yes,Yes,Yes,Yes,Yes,Yes,Yes,Yes,Yes,Yes,Yes,Yes,Yes,Yes,Yes,Yes,Yes,Yes,Yes,Yes,Yes,Yes,Yes,Yes,Yes,Yes,Yes,Yes,Yes,Yes,Yes,Yes,Yes,Yes
116,Senate,1,18,Yes,Yes,No,Yes,Yes,Yes,Yes,Not Voting,Yes,No,Yes,Yes,Yes,Yes,Yes,Yes,Yes,No,Yes,Yes,No,Yes,No,No,No,No,Yes,Yes,Yes,No,No,Yes,No,Yes,Yes,Yes,No,Yes,Yes,No,Yes,Yes,No,Yes,No,Yes,No,Yes,Yes,No,Yes,Yes,No,Yes,No,Yes,Yes,No,No,Yes,Yes,No,Yes,Yes,Yes,No,No,Yes,No,Yes,No,Yes,No,Yes,Yes,No,Yes,No,Yes,Yes,No,Yes,Yes,Yes,Yes,Yes,Yes,Yes,Yes,No,Yes,No,Yes,Yes,Yes,Yes,Yes,Yes,Yes,No
116,Senate,1,19,Yes,Yes,No,Yes,Yes,Yes,Yes,Not Voting,Yes,No,Yes,Yes,Yes,Yes,Yes,Yes,Yes,Not Voting,Yes,Yes,No,Yes,No,No,No,No,Yes,Yes,Yes,No,Yes,Yes,No,Yes,Yes,Yes,No,Yes,Yes,No,Yes,Yes,No,Yes,No,Yes,No,Yes,Yes,No,Yes,Yes,No,Yes,No,Yes,Yes,No,No,Yes,Yes,Yes,Yes,Yes,Yes,No,No,Yes,Yes,Yes,No,Yes,No,Yes,Yes,No,Yes,No,Yes,Yes,No,No,Yes,Yes,Yes,Yes,Yes,Yes,Yes,Yes,Yes,No,Yes,Yes,Yes,Yes,No,No,Yes,Yes
116,Senate,1,20,Yes,Yes,No,Yes,No,Yes,No,Yes,No,No,Yes,Yes,Yes,Yes,Yes,Yes,Yes,No,Yes,Yes,Not Voting,Yes,No,No,No,Not Voting,Yes,Yes,Yes,No,No,Yes,No,Yes,Not Voting,Yes,No,Yes,Yes,No,Yes,Yes,Not Voting,Yes,No,Yes,No,Yes,Yes,No,Yes,Not Voting,No,Yes,No,Yes,Yes,No,No,Yes,Yes,No,Yes,Yes,Yes,No,No,Yes,Yes,Yes,No,Yes,No,Yes,Yes,No,Yes,Not Voting,Yes,Yes,No,No,Yes,Yes,Yes,Yes,Not Voting,No,Yes,No,Yes,No,Yes,Yes,Yes,Yes,Yes,No,Yes,Yes
116,Senate,1,21,Yes,Yes,Yes,Yes,Yes,Yes,Yes,Yes,Yes,Yes,Yes,Yes,Yes,Yes,Yes,Yes,Yes,Yes,Yes,Yes,Not Voting,Yes,Yes,Yes,Yes,Not Voting,Yes,Yes,Yes,Yes,Yes,Yes,Yes,Yes,Yes,Yes,Yes,Yes,Yes,Yes,Yes,Yes,Not Voting,Yes,No,Yes,No,Yes,Yes,No,Yes,Not Voting,No,Yes,No,Yes,Yes,Yes,Yes,Yes,Yes,Yes,Yes,Yes,Yes,No,Yes,Yes,Yes,Yes,Yes,Yes,Yes,Yes,Yes,Yes,Yes,Not Voting,Yes,Yes,Yes,Yes,Yes,Yes,Yes,Yes,Not Voting,Yes,Yes,Yes,Yes,No,Yes,Yes,Yes,Yes,Yes,Yes,Yes,Yes
116,Senate,1,22,Yes,Yes,Yes,Yes,Yes,Yes,Yes,Yes,Yes,Yes,Yes,Yes,Yes,Yes,Yes,Yes,Yes,Yes,Yes,Yes,Yes,Yes,Yes,Yes,Yes,No,Yes,Yes,Yes,Yes,Yes,Yes,Yes,Yes,Yes,Yes,Yes,Yes,Yes,Yes,Yes,Yes,Yes,Yes,No,Yes,No,Yes,Yes,Yes,Yes,Yes,No,Yes,No,Yes,Yes,Yes,Yes,Yes,Yes,Yes,Yes,Yes,Yes,No,Yes,Yes,Yes,Yes,Yes,Yes,Yes,Yes,Yes,Yes,Yes,No,Yes,Yes,Yes,Yes,Yes,Yes,Yes,Yes,Yes,Yes,Yes,Yes,Yes,No,Yes,Yes,Yes,Yes,Yes,Yes,Yes,Yes
116,Senate,1,23,Yes,No,Yes,No,Yes,No,Yes,Not Voting,Yes,Yes,No,Yes,No,Yes,No,No,No,Yes,Yes,No,Yes,No,Yes,Yes,Yes,Yes,Yes,No,No,Yes,Yes,No,Yes,Yes,No,Yes,Yes,No,No,Yes,No,No,Yes,Yes,Yes,Yes,Yes,Yes,No,Yes,No,No,Yes,No,Yes,Yes,No,Yes,Yes,No,No,Yes,Yes,No,No,No,Yes,No,Yes,No,Yes,Yes,Yes,No,Yes,Yes,No,Yes,No,No,Yes,Yes,No,Yes,Yes,No,No,Yes,No,Yes,Yes,Yes,No,No,No,No,No,Yes,No,Yes
116,Senate,1,24,Yes,No,Yes,No,Yes,No,Yes,No,Yes,Yes,No,Not Voting,No,Yes,No,No,No,Yes,Yes,No,Yes,No,Yes,Yes,Yes,Yes,Yes,No,No,Yes,Yes,No,Yes,Yes,No,Yes,Yes,No,No,Yes,No,No,Yes,Yes,Yes,Yes,Yes,Yes,No,Yes,No,No,Yes,No,Yes,Yes,No,Yes,Yes,No,No,Yes,Yes,No,No,No,Yes,No,Yes,No,Yes,Yes,Yes,No,Yes,Yes,No,Yes,No,No,Yes,Yes,No,Yes,Yes,No,No,Yes,No,Yes,Yes,Yes,No,No,No,No,No,Yes,No,Yes
116,Senate,1,25,Yes,Yes,Yes,Yes,Yes,Yes,Yes,No,Yes,Yes,Yes,Not Voting,Yes,Yes,Yes,Yes,Yes,Yes,Yes,Yes,Yes,Yes,No,Yes,Yes,No,Yes,Yes,Yes,Yes,Yes,Yes,Yes,Yes,No,Yes,Yes,No,Yes,No,Yes,Yes,Yes,Yes,No,Yes,Yes,Yes,Yes,Yes,Yes,Yes,Yes,Yes,No,Yes,No,Yes,Yes,Yes,Yes,Yes,Yes,Yes,Yes,No,Yes,Yes,Yes,Yes,Yes,Yes,Yes,Yes,Yes,No,Yes,No,Yes,Yes,Yes,No,Yes,Yes,Yes,Yes,Yes,Yes,Yes,Yes,Yes,No,Yes,Yes,Yes,No,Yes,Yes,Yes,Yes
116,Senate,1,26,Yes,Yes,Yes,Yes,Yes,Yes,Yes,No,Yes,No,Yes,Not Voting,Yes,Yes,Yes,Yes,Yes,Yes,Yes,Yes,Yes,Yes,No,Yes,Yes,No,Yes,Yes,Yes,Yes,Yes,Yes,Yes,Yes,No,Yes,Yes,No,Yes,No,Yes,Yes,Yes,Yes,No,Yes,Yes,Yes,Yes,Yes,Yes,Yes,Yes,Yes,No,Yes,No,Yes,Yes,Yes,Yes,Yes,Yes,Yes,Yes,No,Yes,Yes,Yes,Yes,Yes,Yes,Yes,Yes,Yes,No,Yes,No,Yes,Yes,Yes,No,Yes,Yes,Yes,Yes,Yes,Yes,Yes,Yes,Yes,No,Yes,Yes,Yes,No,Yes,Yes,Yes,Yes
116,Senate,1,27,Yes,No,Yes,No,Yes,No,Yes,No,Yes,Yes,No,Yes,No,Yes,No,No,Yes,Yes,Yes,No,Yes,No,Yes,Not Voting,Yes,Yes,Yes,No,No,Yes,Yes,No,Yes,Yes,No,Yes,Yes,No,No,Yes,No,No,Yes,Yes,Yes,Yes,Yes,Yes,No,Yes,No,No,Yes,No,Yes,Yes,No,Yes,Yes,No,No,Yes,Not Voting,No,No,Yes,Yes,No,Yes,No,Yes,Yes,Yes,No,Yes,Yes,No,Yes,No,No,Yes,Not Voting,No,Yes,No,No,No,Yes,No,Yes,Yes,Yes,No,No,No,No,No,Yes,No,Yes
116,Senate,1,28,Yes,No,Yes,No,Yes,No,Yes,No,Yes,Yes,No,Yes,No,Yes,No,No,No,Yes,Yes,No,Yes,No,Yes,Not Voting,Yes,Yes,Yes,No,No,Yes,Yes,No,Yes,Yes,No,Yes,Yes,No,No,Yes,No,No,Yes,Yes,Yes,Yes,Yes,No,No,Yes,No,No,Yes,No,Yes,No,No,Yes,Yes,No,No,Yes,Not Voting,No,No,Yes,Yes,No,Yes,No,Yes,Yes,Yes,No,Yes,Yes,Not Voting,Yes,No,No,Yes,Yes,No,Yes,No,No,No,Yes,No,Yes,Yes,Yes,No,No,No,No,No,Yes,No,Yes
116,Senate,1,29,Yes,No,Yes,No,Yes,No,Yes,No,Yes,Yes,No,Yes,No,Yes,No,No,No,Yes,Yes,No,Yes,No,Yes,Yes,Yes,Yes,Yes,No,No,Yes,Yes,No,Yes,Yes,No,Yes,Yes,No,No,Yes,No,No,Yes,Yes,Yes,Yes,Yes,No,No,Yes,No,No,Yes,No,Yes,No,No,Yes,Yes,No,No,Yes,Yes,No,No,Yes,Yes,No,Yes,No,Yes,Yes,Yes,No,Yes,Yes,No,Yes,No,No,Yes,Yes,No,Yes,Not Voting,No,No,Yes,No,Yes,Yes,Yes,No,No,No,No,No,Yes,No,Yes
116,Senate,1,30,Yes,Yes,Yes,Yes,Yes,Yes,Yes,No,Yes,Yes,Yes,Yes,Yes,Yes,Yes,Yes,Yes,Yes,Yes,Yes,Yes,Yes,Yes,Yes,Yes,Yes,Yes,No,Yes,Yes,Yes,Yes,Yes,Yes,No,Yes,Yes,No,Yes,Yes,Yes,No,Yes,Yes,Yes,Yes,Yes,Yes,Yes,Yes,Yes,No,Yes,Yes,Yes,Yes,No,Yes,Yes,No,No,Yes,Yes,Yes,Yes,Yes,Yes,Yes,Yes,No,Yes,Yes,Yes,Yes,Yes,Yes,No,Yes,No,No,Yes,Yes,Yes,Yes,Not Voting,Yes,Yes,Yes,Yes,Yes,Yes,Yes,Yes,Yes,Yes,No,No,Yes,Yes,Yes
116,Senate,1,31,Yes,Yes,Yes,Yes,Yes,Yes,Yes,No,Yes,Yes,Yes,Yes,Yes,Yes,Yes,Yes,Yes,Yes,Yes,Yes,Yes,Yes,Yes,Yes,Yes,Yes,Yes,No,Yes,Yes,Yes,Yes,Yes,Yes,No,Yes,Yes,No,Yes,Yes,Yes,No,Yes,Yes,Yes,Yes,Yes,Yes,Yes,Yes,Yes,No,Yes,Yes,Yes,Yes,No,Yes,Yes,No,No,Yes,Yes,Yes,Yes,Yes,Yes,Yes,Yes,No,Yes,Yes,Yes,Yes,Yes,Yes,No,Yes,No,No,Not Voting,Yes,Yes,Yes,Not Voting,Yes,Yes,Yes,Yes,Yes,Yes,Yes,Yes,Yes,Yes,No,No,Yes,Yes,Yes
116,Senate,1,32,Yes,No,Yes,No,Yes,No,Yes,No,Yes,Yes,No,Yes,No,Yes,No,No,No,Yes,Yes,No,Yes,No,Yes,Yes,Yes,Yes,Yes,No,No,Yes,Yes,No,Yes,Yes,No,Yes,Yes,No,No,Yes,No,No,Yes,Yes,Yes,Yes,Yes,No,No,Yes,No,No,Yes,No,Yes,No,No,Yes,Yes,No,No,Yes,Yes,No,No,Yes,Yes,No,Yes,No,Yes,Yes,Yes,No,Yes,Yes,No,Yes,No,No,Not Voting,Yes,No,Yes,Not Voting,No,No,Yes,No,Yes,Yes,Yes,No,No,No,No,No,Yes,No,Yes
116,Senate,1,33,Yes,No,Yes,No,Yes,No,Yes,No,Yes,Yes,No,Yes,No,Yes,No,No,No,Yes,No,No,Yes,No,Yes,Yes,Yes,Yes,Yes,No,No,Yes,Yes,No,Yes,Yes,No,Yes,Yes,No,No,Yes,No,No,Yes,Yes,Yes,Yes,Yes,No,No,Yes,No,No,Yes,No,Yes,No,No,Yes,Yes,No,No,Yes,Yes,No,No,Yes,Yes,No,Yes,No,Yes,Yes,Yes,No,Yes,Yes,No,Yes,No,No,Yes,Yes,No,Yes,Not Voting,No,No,Yes,No,Yes,Yes,Yes,No,No,No,No,No,Yes,No,Yes
116,Senate,1,34,Yes,No,Yes,No,Yes,No,Yes,No,Yes,Yes,Not Voting,Yes,No,Yes,No,No,No,Yes,Yes,No,Yes,No,Yes,Yes,Yes,Yes,Yes,No,No,Yes,Yes,No,Yes,Yes,No,Yes,Yes,No,No,Yes,Not Voting,No,Yes,Yes,Yes,Yes,Yes,No,No,Yes,No,No,Yes,No,Yes,No,No,Yes,Yes,No,No,Yes,Not Voting,No,No,Yes,Yes,No,Yes,No,Yes,Yes,Yes,No,Yes,Yes,Not Voting,Yes,No,No,Yes,Yes,No,Yes,Not Voting,No,No,Yes,No,Yes,Yes,Yes,No,No,No,No,No,Yes,No,Yes
116,Senate,1,35,Yes,No,Yes,No,Yes,No,Yes,No,Yes,Yes,No,Yes,No,Yes,No,No,No,Yes,Yes,No,Yes,No,Yes,Yes,Yes,Yes,Yes,No,No,Yes,Yes,No,Yes,Yes,No,Yes,Yes,No,No,Yes,Not Voting,No,Yes,Yes,Yes,Yes,Yes,No,No,Yes,No,No,Yes,No,Yes,No,No,Yes,Yes,No,No,Yes,Yes,No,No,Yes,Yes,No,Yes,No,Yes,Yes,Yes,No,Yes,Yes,Not Voting,Yes,No,No,Yes,Yes,No,Yes,Not Voting,No,No,Yes,No,Yes,Yes,Yes,No,No,No,No,No,Yes,No,Yes
116,Senate,1,36,Yes,No,Yes,No,Yes,No,Yes,No,Yes,Yes,No,Yes,No,Yes,No,No,No,Yes,Yes,No,Yes,No,Yes,Yes,Yes,Yes,Yes,No,No,Yes,Yes,No,Yes,Yes,No,Yes,Yes,No,No,Yes,No,No,Yes,Yes,Yes,Yes,Yes,No,No,Yes,No,No,Yes,No,Yes,No,No,Yes,Yes,No,No,Yes,Yes,No,No,Yes,Yes,No,Yes,No,Yes,Yes,Yes,No,Yes,Yes,Not Voting,Yes,No,No,Yes,Yes,No,Yes,Not Voting,No,No,Yes,No,Yes,Yes,Yes,No,No,No,No,No,Yes,No,Yes
116,Senate,1,37,Yes,No,Yes,No,Yes,No,Yes,No,Yes,Yes,No,Yes,No,Yes,No,No,No,Yes,No,No,Yes,No,Yes,Yes,Yes,Yes,Yes,No,No,Yes,Yes,No,Yes,Yes,No,Yes,Yes,No,No,Yes,No,No,Yes,Yes,Yes,Yes,Yes,No,No,Yes,No,No,Yes,No,Yes,Not Voting,No,Yes,Yes,No,No,Yes,Yes,No,No,Yes,Yes,No,Yes,No,Yes,Yes,Yes,No,Yes,Yes,No,Yes,No,No,Yes,Yes,No,Yes,No,No,No,Yes,No,Yes,Yes,Yes,No,No,No,No,No,Yes,No,Yes
116,Senate,1,38,Yes,No,Yes,No,Yes,No,Yes,No,Yes,Yes,No,Yes,No,Yes,No,No,No,Yes,Yes,No,Yes,No,Yes,Yes,Yes,Yes,Yes,No,No,Yes,Yes,No,Yes,Yes,No,Yes,Yes,No,No,Yes,No,No,Yes,Yes,Yes,Yes,Yes,No,No,Yes,No,No,Yes,No,Yes,Not Voting,No,Yes,Yes,No,No,Yes,Yes,No,No,Yes,Yes,No,Yes,No,Yes,Yes,Yes,No,Yes,Yes,No,Yes,No,No,Yes,Yes,No,Yes,No,No,No,Yes,No,Yes,Yes,Yes,No,No,No,No,No,Yes,No,Yes
116,Senate,1,39,Yes,No,Yes,No,Yes,No,Yes,No,Yes,Yes,No,Yes,No,Yes,No,No,No,Yes,Yes,No,Yes,No,Yes,Yes,Yes,Yes,Yes,No,No,Yes,Yes,No,Yes,Yes,No,Yes,Yes,No,No,Yes,No,No,Yes,Yes,Yes,Yes,Yes,Not Voting,No,Yes,No,No,Yes,No,Yes,No,No,Yes,Yes,No,No,Yes,Yes,No,No,Yes,Not Voting,No,Yes,No,Yes,Yes,Yes,No,Yes,Yes,No,Yes,No,No,Yes,Yes,No,Yes,No,No,No,Yes,No,Yes,Yes,Yes,No,No,No,No,No,Yes,No,Yes
116,Senate,1,40,Yes,No,Yes,No,Yes,No,Yes,No,Yes,Yes,No,Yes,No,Yes,Yes,Yes,Yes,Yes,Yes,Yes,Yes,Yes,Yes,Yes,Yes,Yes,Yes,Yes,No,Yes,Yes,Yes,Yes,Yes,No,Yes,Yes,No,Yes,Yes,No,No,Yes,Yes,Yes,Yes,Yes,Not Voting,No,Yes,Yes,No,Yes,No,Yes,Yes,No,Yes,Yes,No,No,Not Voting,Yes,Yes,No,Yes,Not Voting,No,Yes,Yes,Yes,Yes,Yes,Yes,Yes,Yes,No,Yes,No,Yes,Yes,Yes,Yes,Yes,No,No,No,Yes,No,Yes,Yes,Yes,No,No,No,No,Yes,Yes,No,Yes
116,Senate,1,41,Yes,No,Yes,No,Yes,No,Yes,No,Yes,Yes,No,Yes,No,Yes,No,No,No,Yes,Yes,No,Yes,No,Yes,Yes,Yes,Yes,Yes,No,No,Yes,Yes,No,Yes,Yes,No,Not Voting,Yes,No,No,Yes,No,No,Yes,Yes,Yes,Yes,Yes,No,No,Yes,No,No,Yes,No,Yes,Not Voting,No,Yes,Yes,No,No,Yes,Not Voting,No,Not Voting,Yes,Not Voting,No,Yes,No,Yes,Yes,Yes,No,Yes,Yes,Not Voting,Yes,No,No,Yes,Yes,No,Yes,No,No,No,Yes,No,Yes,Yes,Yes,No,No,No,No,No,Yes,No,Yes
116,Senate,1,42,Yes,No,Yes,No,Yes,No,Yes,No,Yes,Yes,No,Yes,No,Yes,No,No,No,Yes,Yes,No,Yes,No,Yes,Yes,Yes,Yes,Yes,No,No,Yes,Yes,No,Yes,Yes,No,Yes,Yes,No,No,Yes,No,No,Yes,Yes,Yes,Yes,Yes,No,No,Yes,No,No,Yes,No,Yes,Yes,No,Yes,Yes,No,No,Yes,Yes,No,Not Voting,Yes,Yes,No,Yes,No,Yes,Yes,Yes,No,Yes,Yes,No,Yes,No,No,Yes,Yes,No,Yes,No,No,No,Yes,No,Yes,Yes,Yes,No,No,No,No,No,Yes,No,Yes
116,Senate,1,43,Yes,No,Yes,No,Yes,No,Yes,No,Yes,Yes,No,Yes,No,Yes,No,No,No,Yes,Yes,No,Yes,No,Yes,Yes,Yes,Yes,Yes,No,No,Yes,Yes,No,Yes,Yes,No,Yes,Yes,No,No,Yes,No,No,Yes,Yes,Yes,Yes,Yes,No,No,Yes,No,No,Yes,No,Yes,No,No,Yes,Yes,No,No,Yes,Yes,No,Not Voting,Yes,Yes,No,Yes,No,Yes,Yes,Yes,No,Yes,Yes,No,Yes,No,No,Yes,Yes,No,Yes,No,No,No,Yes,No,Yes,Yes,Yes,No,No,No,No,No,Yes,No,Yes
116,Senate,1,44,Yes,No,Yes,No,Yes,No,Yes,No,Yes,Yes,No,Yes,No,Yes,No,No,No,Yes,Yes,No,Yes,No,Yes,Yes,Yes,Yes,Yes,No,No,Yes,Yes,No,Yes,Yes,No,Yes,Yes,No,No,Yes,No,No,Yes,Yes,Yes,Yes,Yes,No,No,Yes,No,No,Yes,No,Yes,No,No,Yes,Yes,No,No,Yes,Yes,No,Not Voting,Yes,Yes,No,Yes,No,Yes,Yes,Yes,No,Yes,Yes,No,Yes,No,No,Yes,Yes,No,Yes,No,No,No,Yes,No,Yes,Yes,Yes,No,No,No,No,No,Yes,No,Yes
116,Senate,1,45,Yes,No,Yes,No,Yes,No,Yes,No,Yes,Yes,No,Yes,No,Yes,No,No,No,Yes,Yes,No,Yes,No,Yes,Yes,Yes,Yes,Yes,Not Voting,No,Yes,Yes,No,Yes,Yes,No,Yes,Yes,No,No,Yes,No,No,Yes,Yes,Yes,Yes,Yes,No,No,Yes,No,No,Yes,No,Yes,Yes,No,Yes,Yes,No,No,Yes,Yes,No,Not Voting,Yes,Yes,No,Yes,No,Yes,Yes,Yes,No,Yes,Yes,No,Yes,No,No,Yes,Yes,No,Yes,Yes,No,No,Yes,No,Yes,Yes,Yes,No,No,No,No,No,Yes,No,Yes
116,Senate,1,46,Yes,No,Yes,No,Yes,No,Yes,No,Yes,Yes,No,Yes,No,Yes,No,No,No,Yes,Yes,No,Yes,No,Yes,Yes,Yes,Yes,Yes,No,No,Yes,Yes,No,Yes,Yes,No,Yes,Yes,No,No,Yes,No,No,Yes,Yes,Yes,Yes,Yes,No,No,Yes,No,No,Yes,No,Yes,Yes,No,Yes,Yes,No,No,Yes,Yes,No,Not Voting,Yes,Yes,No,Yes,No,Yes,Yes,Yes,No,Yes,Yes,No,Yes,No,No,Yes,Yes,No,Yes,Yes,No,No,Yes,No,Yes,Yes,Yes,No,No,No,No,No,Yes,No,Yes
116,Senate,1,47,No,Yes,No,Yes,No,Yes,No,Yes,No,No,Yes,No,Yes,No,Yes,Yes,Yes,No,No,Yes,No,Yes,No,No,No,No,Yes,Yes,Yes,No,No,Yes,No,No,Yes,No,No,Yes,Yes,No,Yes,Yes,No,No,No,No,No,Yes,Yes,No,Yes,Yes,No,Yes,Yes,Yes,Yes,No,No,Yes,Yes,Yes,No,Yes,Yes,Yes,No,Yes,No,Yes,No,No,No,Yes,No,No,Yes,No,Yes,Yes,No,No,Yes,No,Yes,Yes,Yes,No,Yes,No,No,No,Yes,Yes,Yes,Yes,Yes,No,Yes,Yes
116,Senate,1,48,No,Yes,No,Yes,No,Yes,No,Yes,No,No,Yes,No,Yes,No,Yes,Yes,Yes,No,Yes,Yes,No,Yes,No,No,No,No,Yes,Yes,Yes,No,No,Yes,No,No,Yes,No,No,Yes,Yes,No,Yes,Yes,No,No,No,No,No,Yes,Yes,No,Yes,Yes,No,Yes,Yes,Yes,Yes,No,No,Yes,Yes,Yes,Yes,Yes,Yes,Yes,No,Yes,No,Yes,No,No,No,Yes,No,No,Yes,No,Yes,Yes,No,No,Yes,No,Yes,Yes,Yes,No,Yes,No,No,No,Yes,Yes,Yes,Yes,Yes,No,Yes,Yes
116,Senate,1,49,Yes,Yes,No,Yes,No,Yes,Yes,Yes,No,No,Yes,No,Yes,No,Yes,Yes,Yes,No,Yes,Yes,No,Yes,No,No,No,No,No,Yes,Yes,No,No,Yes,No,No,Yes,No,No,Yes,Yes,No,Yes,Yes,No,No,No,No,No,Yes,Yes,No,Yes,Yes,No,Yes,Yes,Yes,Yes,No,No,Yes,Yes,Yes,Yes,Yes,Yes,Yes,No,Yes,Yes,Yes,No,No,Yes,Yes,No,Yes,Yes,No,Yes,Yes,No,No,Yes,No,Yes,Yes,Yes,No,Yes,No,No,Yes,Yes,Yes,Yes,Yes,Yes,Yes,Yes,No
116,Senate,1,50,Yes,No,Yes,Yes,Yes,No,Yes,No,Yes,Yes,Yes,Yes,No,Yes,Yes,Yes,No,Yes,Yes,Yes,Yes,No,Yes,Yes,Yes,Yes,Yes,Yes,Yes,Yes,Yes,Yes,Yes,Yes,No,Yes,Yes,No,Yes,Yes,Yes,No,Yes,Yes,Not Voting,Yes,Yes,Yes,Yes,Yes,Yes,No,Yes,Yes,Yes,Yes,No,Yes,Yes,No,No,Yes,Yes,Yes,No,Yes,Yes,No,Yes,Yes,Yes,Yes,Yes,Yes,Yes,Yes,No,Yes,Yes,No,Yes,Yes,Yes,Yes,Yes,No,No,Yes,Yes,Yes,Yes,Yes,Not Voting,Yes,Yes,Not Voting,Yes,Yes,No,Yes
116,Senate,1,51,Yes,No,Yes,Yes,Yes,No,Yes,No,Yes,Yes,Yes,Yes,No,Yes,Yes,Yes,No,Yes,Yes,Yes,Yes,No,Yes,Yes,Yes,Yes,Yes,Yes,Yes,Yes,Yes,Yes,Yes,Yes,No,Yes,Yes,No,Yes,Yes,Yes,No,Yes,Yes,Yes,Yes,Yes,Yes,Yes,Yes,Yes,No,Yes,Yes,Yes,Yes,No,Yes,Yes,No,No,Yes,Yes,Yes,No,Yes,Yes,No,Yes,Yes,Yes,Yes,Yes,Yes,Yes,Yes,No,Yes,Yes,No,Yes,Yes,Yes,Yes,Yes,No,No,Yes,Yes,Yes,Yes,Yes,Not Voting,Yes,Yes,No,Yes,Yes,No,Yes
116,Senate,1,52,No,Present,No,Present,No,Present,No,Present,No,No,Present,No,Present,No,Present,Present,Present,No,No,Present,No,Present,No,No,No,No,No,Present,Present,No,No,Present,No,No,Present,No,No,Present,Present,No,Present,Present,No,No,No,No,No,No,Present,No,No,Present,No,Present,No,No,Present,No,No,Present,Present,No,No,Present,Present,No,No,Present,No,Present,No,No,No,Present,No,No,Present,No,Present,Present,No,No,Present,No,No,Present,Present,No,Present,No,No,No,Present,Present,Present,Present,Present,No,Present,No
116,Senate,1,53,Yes,Yes,Yes,Yes,Yes,Yes,Yes,Yes,Yes,No,Yes,Yes,Yes,Yes,Yes,Yes,Yes,Yes,Yes,Yes,Yes,Yes,Yes,Yes,No,Yes,Yes,Yes,Yes,No,Yes,Yes,Yes,Yes,Yes,Yes,Yes,Yes,Yes,Yes,Yes,Yes,Yes,Yes,No,Yes,No,Yes,Yes,Yes,Yes,Yes,No,Yes,No,Yes,Yes,Yes,Yes,Yes,Yes,Yes,Yes,Yes,Yes,No,Yes,Yes,Yes,Yes,No,Yes,Yes,Yes,Yes,Yes,Yes,Yes,Yes,Yes,Yes,Yes,Yes,Yes,Yes,Yes,Yes,Yes,Yes,Yes,Yes,No,Yes,Yes,Yes,Yes,Yes,Yes,Yes,Yes
116,Senate,1,54,Yes,Yes,Yes,Yes,Yes,Yes,Yes,Not Voting,Yes,Yes,Yes,Yes,Yes,Yes,Yes,Yes,Yes,Yes,Yes,Yes,Yes,Yes,Yes,Yes,Yes,Yes,Yes,Yes,Yes,Yes,Yes,Yes,Yes,Yes,Yes,Yes,Yes,Yes,Yes,Yes,Yes,Yes,Yes,Yes,Yes,Yes,Yes,Yes,Yes,Yes,Yes,Yes,Yes,Yes,Yes,Yes,Yes,Yes,Yes,Yes,Yes,Not Voting,Yes,Yes,Yes,Yes,Yes,Yes,Yes,Yes,Yes,Yes,Yes,Yes,Yes,Yes,No,Yes,Yes,Yes,Yes,Yes,Yes,Yes,Yes,Yes,Not Voting,Not Voting,Yes,Yes,Yes,Yes,Yes,Yes,Yes,Yes,Yes,Yes,Yes,Yes
116,Senate,1,55,Yes,No,Yes,No,Yes,No,Yes,No,Yes,No,No,Not Voting,No,Yes,No,No,No,Not Voting,Yes,No,Yes,No,Yes,Yes,Yes,Yes,Yes,No,No,No,Yes,No,Yes,Yes,No,Yes,Yes,Not Voting,No,Yes,No,No,Yes,Yes,Yes,Yes,Yes,Yes,No,Yes,No,No,Yes,No,Not Voting,No,No,No,Not Voting,No,No,Yes,Yes,No,No,No,Yes,No,Yes,No,Yes,Yes,Yes,No,Yes,Yes,No,Yes,No,No,Yes,Yes,No,Yes,No,No,No,Not Voting,No,Yes,Yes,Not Voting,No,No,No,No,No,Yes,No,Yes
116,Senate,1,56,No,Yes,No,Yes,No,Yes,No,Yes,No,No,Yes,Not Voting,Yes,No,Yes,Yes,Yes,No,No,Yes,No,Yes,No,No,No,No,No,Yes,Yes,No,No,Yes,No,No,Yes,No,No,Not Voting,Yes,No,Yes,Yes,No,No,No,No,No,Yes,Yes,No,Yes,Yes,No,Yes,Not Voting,Yes,Yes,No,Not Voting,Yes,Yes,No,No,Yes,Yes,No,No,Yes,No,Yes,No,No,No,Yes,No,No,Yes,No,Yes,Yes,No,No,Yes,No,Yes,Yes,Yes,Not Voting,Yes,No,No,Not Voting,Yes,Yes,Yes,Yes,Yes,No,Yes,No
116,Senate,1,57,Yes,No,Yes,No,Yes,No,Yes,No,Yes,Yes,No,Yes,No,Yes,No,No,No,Yes,Yes,No,Yes,No,Yes,Yes,Yes,Yes,Yes,No,No,Yes,Yes,No,Yes,Yes,No,Yes,Yes,Not Voting,No,Yes,No,No,Yes,Yes,Yes,Yes,Yes,No,No,Yes,No,No,Yes,No,No,No,No,No,Yes,No,No,Yes,Yes,No,No,Yes,Yes,No,Yes,No,Yes,Yes,Yes,No,Yes,Yes,No,Yes,No,No,Yes,Yes,No,Yes,No,No,No,Yes,No,Yes,Yes,Yes,No,No,No,No,No,Yes,No,Yes
116,Senate,1,58,Yes,Yes,Yes,Yes,Yes,Yes,Yes,Yes,Yes,Yes,Yes,Yes,Yes,Yes,Yes,Yes,Yes,Yes,Yes,Yes,Yes,Yes,Yes,Yes,Yes,Yes,Yes,Yes,Yes,Yes,Yes,Yes,Yes,Yes,No,Yes,Yes,Not Voting,Yes,Yes,Yes,Yes,Yes,Not Voting,Yes,Yes,Yes,Yes,Yes,Yes,Yes,Yes,Yes,Yes,Yes,Yes,Yes,Yes,Yes,Yes,Yes,Yes,Yes,Yes,Yes,Yes,Yes,Yes,Yes,Yes,Yes,Yes,Yes,Yes,Yes,Yes,No,Yes,Yes,Yes,Yes,Yes,Yes,Yes,Yes,Yes,Yes,Yes,Yes,Yes,Yes,Yes,Yes,Yes,Yes,No,Yes,Yes,Yes,Yes
116,Senate,1,59,No,Yes,No,Yes,No,Yes,No,Yes,No,No,Yes,No,Yes,No,Yes,Yes,Yes,No,Yes,Yes,No,Yes,No,No,No,No,No,Yes,Yes,No,No,Yes,No,No,Yes,No,No,Not Voting,Yes,No,Yes,Yes,No,No,No,No,No,Yes,Yes,No,Yes,Yes,No,Yes,Yes,Yes,Yes,No,No,Yes,Yes,No,No,Yes,Yes,No,No,Yes,No,Yes,No,No,No,Yes,No,No,Yes,No,Yes,Yes,No,No,Yes,No,Yes,Yes,Yes,No,Yes,No,No,No,Yes,Yes,Yes,Yes,Yes,No,Yes,No
116,Senate,1,60,Yes,No,Yes,No,Yes,No,Yes,No,Yes,Yes,No,Yes,No,Yes,Yes,No,No,Yes,Yes,No,Yes,Yes,Yes,Yes,Yes,Yes,Yes,Yes,Yes,Yes,Yes,Yes,Yes,Yes,No,Yes,Yes,Not Voting,Yes,Yes,No,No,Yes,Yes,Yes,Yes,Yes,Yes,Yes,Yes,No,No,Yes,No,Yes,Yes,No,Yes,Yes,No,No,Yes,Yes,No,No,No,Yes,No,Yes,No,Yes,Yes,Yes,Yes,Yes,Yes,No,Yes,No,No,Yes,Yes,Yes,Yes,Yes,No,No,Yes,Yes,Yes,Yes,Yes,No,No,Yes,No,No,Yes,No,Yes
116,Senate,1,61,No,Yes,No,Yes,No,Yes,No,Yes,No,No,Yes,No,Yes,No,Yes,Yes,Yes,No,Yes,Yes,No,Yes,No,No,No,No,No,Yes,Yes,No,No,Yes,No,No,Yes,No,No,Not Voting,Yes,No,Yes,Yes,No,No,No,No,No,Yes,Yes,No,Yes,Yes,No,Yes,Yes,Yes,Yes,No,No,Yes,Yes,No,No,Yes,Yes,No,No,Yes,No,Yes,No,No,No,Yes,No,No,Yes,No,Yes,Yes,No,No,Yes,No,Yes,Yes,Yes,No,Yes,No,No,No,Yes,Yes,Yes,Yes,Yes,No,Yes,No
116,Senate,1,62,Yes,No,Yes,No,Yes,No,Yes,No,Yes,Yes,No,Yes,No,Yes,Yes,No,No,Yes,Yes,No,Yes,Yes,Yes,Yes,Yes,Yes,Yes,Yes,No,Yes,Yes,Yes,Yes,Yes,No,Yes,Yes,Not Voting,Yes,Yes,No,No,Yes,Yes,Yes,Yes,Yes,Yes,Yes,Yes,No,No,Yes,No,Yes,Yes,No,Yes,Yes,No,No,Yes,Yes,Yes,No,No,Yes,No,Yes,No,Yes,Yes,Yes,Yes,Yes,Yes,No,Yes,No,No,Yes,Yes,Yes,Yes,Yes,No,No,Yes,Yes,Yes,Yes,Yes,No,No,Yes,No,No,Yes,No,Yes
116,Senate,1,63,Yes,No,Yes,No,Yes,No,Yes,No,Yes,Yes,No,Yes,No,Yes,No,No,No,Yes,Yes,No,Yes,No,Yes,Yes,Yes,Yes,Yes,No,No,Yes,Yes,No,Yes,Yes,No,Yes,Yes,Not Voting,No,Yes,No,No,Yes,Yes,Yes,Yes,Yes,No,No,Yes,No,No,Yes,No,Yes,No,No,Yes,Yes,No,No,Yes,Yes,No,No,Yes,Yes,No,Yes,No,Yes,Yes,Yes,No,Yes,Yes,No,Yes,No,No,Yes,Yes,No,Yes,No,No,No,Yes,No,Yes,Yes,Yes,No,No,No,No,No,Yes,No,Yes
116,Senate,1,64,Yes,No,Yes,No,Yes,No,Yes,Not Voting,Yes,Yes,No,Yes,No,Yes,No,No,No,Yes,Yes,No,Yes,No,Yes,Yes,Yes,Yes,Yes,No,No,Yes,Yes,No,Yes,Yes,No,Yes,Yes,Not Voting,No,Yes,No,No,Yes,Yes,Yes,Yes,Yes,No,No,Yes,No,No,Yes,No,Not Voting,No,No,Yes,Yes,No,No,Yes,Yes,No,No,Yes,Yes,No,Yes,No,Yes,Yes,Yes,No,Yes,Yes,Not Voting,Yes,No,No,Yes,Yes,No,Yes,No,No,No,Yes,No,Yes,Yes,Yes,No,No,No,No,No,Yes,No,Yes
116,Senate,1,65,Yes,No,Yes,Yes,Yes,No,Yes,No,Yes,Yes,No,Yes,No,Yes,No,No,No,Yes,Yes,No,Yes,No,Yes,Yes,Yes,Not Voting,Yes,Not Voting,No,Yes,Yes,No,Yes,Yes,No,Yes,Yes,No,No,Yes,No,No,Yes,Yes,Yes,Yes,Not Voting,Yes,No,Yes,No,No,Yes,No,Yes,Yes,No,Yes,Yes,No,No,Yes,Yes,No,No,Yes,Yes,No,Yes,No,Yes,Yes,Yes,No,Yes,Yes,No,Yes,No,No,Yes,Yes,No,Yes,Yes,No,No,Yes,No,Yes,Yes,Yes,No,No,No,No,No,Yes,No,Yes
116,Senate,1,66,Yes,No,Yes,Yes,Yes,No,Yes,Not Voting,Yes,Yes,No,Yes,No,Yes,No,No,No,Yes,Yes,No,Yes,No,Yes,Yes,Yes,Yes,Yes,No,No,Yes,Yes,No,Yes,Yes,No,Yes,Yes,No,No,Yes,No,No,Yes,Yes,Yes,Yes,Yes,Yes,No,Yes,No,No,Yes,No,Yes,Yes,No,Yes,Yes,No,No,Yes,Yes,No,No,Yes,Yes,No,Yes,No,Yes,Yes,Yes,No,Yes,Yes,No,Yes,No,No,Yes,Yes,No,Yes,Yes,No,No,Yes,No,Yes,Yes,Yes,No,No,No,No,No,Yes,No,Yes
116,Senate,1,67,Yes,No,Yes,No,Yes,No,Yes,Not Voting,Yes,Yes,No,Yes,No,Yes,No,No,No,Yes,Yes,No,Yes,No,Yes,Yes,Yes,Yes,Yes,No,No,Yes,Yes,No,Yes,Yes,No,Yes,Yes,No,No,Yes,No,No,Yes,Yes,Yes,Yes,Yes,No,No,Yes,No,No,Yes,No,Yes,No,No,Yes,Yes,No,No,Yes,Yes,No,No,Yes,Yes,No,Yes,No,Yes,Yes,Yes,No,Yes,Yes,No,Yes,No,No,Yes,Yes,No,Yes,No,No,No,Yes,No,Yes,Yes,Yes,No,No,No,No,No,Yes,No,Yes
116,Senate,1,68,Yes,No,Yes,No,Yes,No,Yes,No,Yes,Yes,No,Yes,No,Yes,No,No,No,Yes,Yes,No,Yes,No,Yes,Yes,Yes,Yes,Yes,No,No,Yes,Yes,No,Yes,Yes,No,Yes,Yes,No,No,Yes,No,No,Yes,Yes,Yes,Yes,Yes,No,No,Yes,No,No,Yes,No,Yes,No,No,Yes,Yes,No,No,Yes,Yes,No,No,Yes,Yes,No,Yes,No,Yes,Yes,Yes,No,Yes,Yes,No,Yes,No,No,Yes,Yes,No,Yes,No,No,No,Yes,No,Yes,Yes,Yes,No,No,No,No,No,Yes,No,Yes
116,Senate,1,69,Yes,No,Yes,No,Yes,No,Yes,No,Yes,Yes,No,Yes,No,Yes,No,No,No,Yes,Yes,No,Yes,No,Yes,Yes,Yes,Yes,Yes,No,No,Yes,Yes,No,Yes,Yes,No,Yes,Yes,No,No,Yes,No,No,Yes,Yes,Yes,Yes,Yes,No,No,Yes,No,No,Yes,No,Yes,No,No,Yes,Yes,No,No,Yes,Yes,No,No,Yes,Yes,No,Yes,No,Yes,Yes,Yes,No,Yes,Yes,No,Yes,No,No,Yes,Yes,No,Yes,No,No,No,Yes,No,Yes,Yes,Yes,No,No,No,No,No,Yes,No,Yes
116,Senate,1,70,Yes,No,Yes,No,Yes,No,Yes,Not Voting,Yes,Yes,No,Yes,No,Yes,No,No,No,Yes,Yes,No,Yes,No,Yes,Yes,Yes,Yes,Yes,No,No,Yes,Yes,No,Yes,Yes,No,Yes,Yes,No,No,Yes,No,No,Yes,Yes,Yes,Yes,Yes,No,No,Yes,No,Not Voting,Yes,No,Yes,No,No,Yes,Yes,No,No,Yes,Yes,No,No,Yes,Yes,No,Yes,No,Yes,Yes,Yes,No,Yes,Yes,No,Yes,No,No,Yes,Yes,No,Yes,No,No,No,Yes,No,Yes,Yes,Yes,No,No,No,No,No,Yes,No,Yes
116,Senate,1,71,Yes,Yes,Yes,Yes,Yes,Yes,Yes,Not Voting,Yes,Yes,Yes,Yes,Yes,Yes,Yes,Yes,Yes,Yes,Yes,Yes,Yes,Yes,Yes,Yes,Yes,Yes,Yes,Yes,Yes,Yes,Yes,Yes,Yes,Yes,No,Yes,Yes,No,Yes,Yes,Yes,Yes,Yes,Yes,Yes,Yes,Yes,Yes,Yes,Yes,Yes,Yes,Yes,Yes,Yes,Yes,No,Yes,Yes,Yes,No,Yes,Yes,Yes,Yes,Yes,Yes,Yes,Yes,Yes,Yes,Yes,Yes,Yes,Yes,Yes,No,Yes,Yes,Yes,Yes,Yes,Yes,Yes,Yes,Yes,Yes,Yes,Yes,Yes,Yes,Yes,No,Yes,Yes,No,Yes,Yes,Yes,Yes
116,Senate,1,72,Yes,No,Yes,No,Yes,No,Yes,Not Voting,Yes,Yes,No,Yes,No,Yes,No,No,No,Yes,Yes,No,Yes,No,Yes,Yes,Yes,Yes,Yes,No,No,Yes,Yes,No,Yes,Yes,No,Yes,Yes,No,No,Yes,No,No,Yes,Yes,Yes,Yes,Yes,Yes,No,Yes,No,No,Yes,No,Yes,Yes,No,Yes,Yes,No,No,Yes,Yes,No,No,Yes,Yes,No,Yes,No,Yes,Yes,Yes,No,Yes,Yes,No,Yes,No,No,Yes,Yes,No,Yes,Yes,No,No,Yes,No,Yes,Yes,Yes,No,No,No,No,No,Yes,No,Yes
116,Senate,1,73,Yes,No,Yes,No,Yes,No,Yes,Not Voting,Yes,Yes,No,Yes,No,Yes,No,No,No,Yes,Yes,No,Yes,No,Yes,Yes,Yes,Yes,Yes,No,No,Yes,Yes,No,Yes,Yes,No,Yes,Yes,Not Voting,No,Yes,No,No,Yes,Yes,Yes,Yes,Yes,Yes,No,Yes,No,No,Yes,No,Yes,Yes,No,Yes,Yes,No,No,Yes,Yes,No,No,Yes,Yes,No,Yes,No,Yes,Yes,Yes,No,Yes,Yes,No,Yes,No,No,Yes,Yes,No,Yes,Yes,No,No,Yes,No,Yes,Yes,Yes,No,No,No,No,No,Yes,No,Yes
116,Senate,1,74,Yes,No,Yes,No,Yes,No,Yes,Not Voting,Yes,Yes,No,Yes,No,Yes,No,No,No,Yes,Yes,No,Yes,No,Yes,Yes,Yes,Yes,Yes,No,No,Yes,Yes,No,Yes,Yes,No,Yes,Yes,Not Voting,No,Yes,No,No,Yes,Yes,Yes,Yes,Yes,Yes,Yes,Yes,No,No,Yes,No,Yes,Yes,No,Yes,Yes,No,No,Yes,Yes,No,No,Yes,Yes,No,Yes,No,Yes,Yes,Yes,No,Yes,Yes,No,Yes,No,No,Yes,Yes,No,Yes,Yes,No,No,Yes,No,Yes,Yes,Yes,No,No,No,No,No,Yes,No,Yes
116,Senate,1,75,Yes,No,Yes,No,Yes,No,Yes,Not Voting,Yes,Yes,No,Yes,No,Yes,No,No,No,Yes,Yes,No,Yes,No,Yes,Yes,Yes,Yes,Yes,No,No,Yes,Yes,No,Yes,Yes,No,Yes,Yes,Not Voting,No,Yes,No,No,Yes,Yes,Yes,Yes,Yes,Yes,Yes,Yes,No,No,Yes,No,Yes,Yes,No,Yes,Yes,No,No,Yes,Yes,No,No,Yes,Not Voting,No,Yes,No,Yes,Yes,Yes,No,Yes,Yes,No,Yes,No,No,Yes,Yes,No,Yes,Yes,No,No,Yes,No,Yes,Yes,Yes,No,No,No,No,No,Yes,No,Yes
116,Senate,1,76,Yes,No,Yes,No,Yes,No,Yes,Not Voting,Yes,Yes,No,Yes,No,Yes,No,No,No,Yes,Yes,No,Yes,No,Yes,Yes,Yes,Yes,Yes,No,No,Yes,Yes,No,Yes,Yes,No,Yes,Yes,Not Voting,No,Yes,Yes,No,Yes,Yes,Yes,Yes,Yes,No,No,Yes,Yes,No,Yes,No,Yes,Yes,No,Yes,Yes,No,No,Yes,Yes,No,No,Yes,Not Voting,No,Yes,No,Yes,Yes,Yes,No,Yes,Yes,No,Yes,No,No,Yes,Yes,No,Yes,Yes,No,No,Yes,No,Yes,Yes,Yes,No,No,No,No,No,Yes,No,Yes
116,Senate,1,77,Yes,No,Yes,No,Yes,No,Yes,Not Voting,Yes,Yes,No,Yes,No,Yes,No,No,No,Yes,Yes,No,Yes,No,Yes,Yes,Yes,Yes,Yes,No,No,Yes,Yes,No,Yes,Yes,No,Yes,Yes,Not Voting,No,Yes,Yes,No,Yes,Yes,Yes,Yes,Yes,No,No,Yes,Yes,No,Yes,No,Yes,Yes,No,Yes,Yes,No,No,Yes,Yes,No,No,Yes,Not Voting,No,Yes,No,Yes,Yes,Yes,No,Yes,Yes,No,Yes,No,No,Yes,Yes,No,Yes,Yes,No,No,Yes,No,Yes,Yes,Yes,No,No,No,No,No,Yes,No,Yes
116,Senate,1,78,Yes,No,Yes,No,Yes,No,Yes,No,Yes,Yes,No,Not Voting,Yes,Yes,No,Yes,No,Yes,Yes,Yes,Yes,No,Yes,Yes,Yes,Yes,Yes,No,No,Yes,Yes,Yes,Yes,Yes,No,Yes,Yes,No,Yes,Yes,No,No,Yes,Yes,Yes,Yes,Yes,Yes,Yes,Not Voting,Yes,No,Yes,Not Voting,Yes,Yes,No,Yes,Yes,No,No,Yes,Yes,Yes,No,Yes,Not Voting,No,Yes,No,Yes,Yes,Yes,No,Yes,Not Voting,No,Yes,No,No,Yes,Yes,Yes,Yes,Yes,No,No,Yes,Yes,Yes,Yes,Yes,No,No,Yes,No,No,Yes,No,Yes
116,Senate,1,79,Yes,No,Yes,No,Yes,No,Yes,No,Yes,Yes,No,Yes,Yes,Yes,No,Yes,No,Yes,Yes,Yes,Yes,No,Yes,Yes,Yes,Yes,Yes,No,No,Yes,Yes,Yes,Yes,Yes,No,Yes,Yes,Not Voting,Yes,Yes,No,No,Yes,Yes,Yes,Yes,Yes,Yes,Yes,Yes,Yes,No,Yes,No,Yes,Yes,No,Yes,Yes,No,No,Yes,Yes,Yes,No,Yes,Yes,No,Yes,No,Yes,Yes,Yes,No,Yes,Yes,No,Yes,No,No,Yes,Yes,Yes,Yes,Yes,No,No,Yes,Yes,Yes,Yes,Yes,No,Yes,Yes,No,No,Yes,No,Yes
116,Senate,1,80,Yes,Yes,Yes,Yes,Yes,Yes,Yes,No,Yes,Yes,Yes,Yes,Yes,Yes,Yes,Yes,Yes,Yes,Yes,Yes,Yes,Yes,Yes,Yes,Yes,Yes,Yes,Yes,Yes,Yes,Yes,Yes,Yes,Yes,No,Yes,Yes,Not Voting,Yes,Yes,Yes,No,Yes,Yes,Yes,Yes,Yes,Yes,Yes,Yes,Yes,Yes,Yes,Yes,Yes,Yes,No,Yes,Yes,Yes,Yes,Yes,Yes,Yes,Yes,Yes,Yes,No,Yes,Yes,Yes,Yes,Yes,Yes,Yes,Yes,No,Yes,Yes,Yes,Yes,Yes,Yes,Yes,Yes,Yes,No,Yes,Yes,Yes,Yes,Yes,Yes,Yes,Yes,No,Yes,Yes,Yes,Yes
116,Senate,1,81,Yes,Yes,Yes,Yes,Yes,Yes,Yes,No,Yes,Yes,Yes,Yes,Yes,Yes,Yes,Yes,Yes,Yes,Yes,Yes,Yes,Yes,Yes,Yes,Yes,Yes,Yes,Yes,Yes,Yes,Yes,Yes,Yes,Yes,No,Yes,Yes,Not Voting,Yes,Yes,Yes,No,Yes,Yes,Yes,Yes,Yes,Yes,Yes,Yes,Yes,Yes,Yes,Yes,Not Voting,Yes,No,Yes,Yes,Yes,Yes,Yes,Yes,Yes,Yes,Yes,Yes,No,Yes,Yes,Yes,Yes,Yes,Yes,Yes,Yes,No,Yes,Yes,Yes,Yes,Yes,Yes,Yes,Yes,Yes,No,Yes,Yes,Yes,Yes,Yes,Yes,Yes,Yes,No,Yes,Yes,Yes,Yes
116,Senate,1,82,Yes,No,Yes,Yes,Yes,Yes,Yes,No,Yes,Yes,Yes,Yes,Yes,Yes,No,Yes,Yes,Yes,Yes,No,Yes,Yes,Yes,Yes,Yes,Yes,Yes,No,Yes,Yes,Yes,Yes,Yes,Yes,No,Yes,Yes,Not Voting,Yes,Yes,No,No,Yes,Yes,Yes,Yes,Yes,Yes,No,Yes,Yes,No,Yes,No,Yes,Yes,No,Yes,Yes,No,No,Yes,Yes,Yes,No,Yes,Yes,No,Yes,No,Yes,Yes,Yes,Yes,Yes,Yes,No,Yes,No,No,Yes,Yes,Yes,Yes,Yes,No,No,Yes,No,Yes,Yes,Yes,No,No,Yes,No,No,Yes,Yes,Yes
116,Senate,1,83,Yes,No,Yes,Yes,Yes,Yes,Yes,No,Yes,Yes,Yes,Yes,Yes,Yes,No,Yes,Yes,Yes,Yes,No,Yes,Yes,Yes,Yes,Yes,Yes,Yes,No,Yes,Yes,Yes,Yes,Yes,Yes,No,Yes,Yes,Not Voting,Yes,Yes,No,No,Yes,Yes,Yes,Yes,Yes,Yes,No,Yes,Yes,No,Yes,No,Yes,Yes,No,Yes,Yes,No,No,Yes,Yes,Yes,No,Yes,Yes,No,Yes,No,Yes,Yes,Yes,Yes,Yes,Yes,No,Yes,No,No,Yes,Yes,Yes,Yes,Yes,No,No,Yes,No,Yes,Yes,Yes,No,No,Yes,No,No,Yes,Yes,Yes
116,Senate,1,84,Yes,No,Yes,No,Yes,No,Yes,No,Yes,Yes,No,Yes,No,Not Voting,No,No,No,Yes,Yes,No,Yes,No,Yes,Yes,Yes,Yes,Yes,No,No,Yes,Yes,No,Yes,Yes,No,Yes,Yes,Not Voting,No,Yes,No,No,Yes,Yes,Yes,Yes,Yes,No,No,Yes,No,No,Yes,No,Yes,No,No,Yes,Yes,No,No,Yes,Yes,No,No,Yes,Yes,No,Yes,No,Yes,Yes,Yes,No,Yes,Yes,No,Yes,No,No,Yes,Yes,No,Yes,No,No,No,Yes,No,Yes,Yes,Yes,No,No,No,No,No,Yes,No,Yes
116,Senate,1,85,Yes,No,Yes,No,Yes,No,Yes,No,Yes,Yes,No,Yes,No,Yes,No,No,No,Yes,Yes,No,Yes,No,Yes,Yes,Yes,Yes,Yes,No,No,Yes,Yes,No,Yes,Yes,No,Yes,Yes,No,No,Yes,No,No,Yes,Yes,Not Voting,Yes,Yes,No,No,Yes,No,No,Yes,No,Yes,No,No,Yes,Yes,No,No,Yes,Yes,No,No,Yes,Yes,No,Yes,No,Yes,Yes,Yes,No,Yes,Yes,No,Yes,No,No,Yes,Yes,No,Yes,No,No,No,Yes,No,Yes,Yes,Yes,No,No,No,No,No,Yes,No,Not Voting
116,Senate,1,86,Yes,No,Yes,No,Yes,No,Yes,No,Yes,Yes,No,Yes,No,Yes,No,No,No,Yes,Yes,No,Yes,No,Yes,Yes,Yes,Yes,Yes,No,No,Yes,Yes,No,Yes,Yes,No,Yes,Yes,No,No,Yes,No,No,Yes,Yes,Yes,Yes,Yes,No,No,Yes,No,No,Yes,No,Yes,No,No,Yes,Yes,No,No,Yes,Yes,No,No,Yes,Yes,No,Yes,No,Yes,Yes,Yes,No,Yes,Yes,No,Yes,No,No,Yes,Yes,No,Yes,No,No,No,Yes,No,Yes,Yes,Yes,No,No,No,No,No,Yes,No,Not Voting
116,Senate,1,87,Yes,No,Yes,No,Yes,No,Yes,No,Yes,Yes,No,Yes,No,Yes,No,No,No,Yes,Yes,No,Yes,No,Yes,Yes,Yes,Yes,Yes,No,No,Yes,Yes,No,Yes,Yes,No,Yes,Yes,No,No,Yes,No,No,Yes,Yes,Yes,Yes,Yes,No,No,Yes,No,No,Yes,No,Yes,No,No,Yes,Yes,No,No,Yes,Yes,No,No,Yes,Yes,No,Yes,No,Yes,Yes,Yes,No,Yes,Yes,No,Yes,No,No,Yes,Yes,No,Yes,No,No,No,Yes,No,Yes,Yes,Yes,No,No,No,No,No,Yes,No,Not Voting
116,Senate,1,88,Yes,Yes,Yes,Yes,Yes,Yes,Yes,Yes,Yes,Yes,Yes,Yes,Yes,Yes,No,Yes,Yes,Yes,Yes,Yes,Yes,Yes,Yes,Yes,Yes,Yes,Yes,Yes,Yes,Yes,Yes,Yes,Yes,Yes,No,Yes,Yes,Yes,Yes,Yes,Yes,No,Yes,Yes,Yes,Yes,Yes,Yes,Yes,Yes,Yes,No,Yes,Yes,Yes,Yes,No,Yes,Yes,Yes,Yes,Yes,Yes,Yes,Yes,Yes,Yes,No,Yes,Yes,Yes,Yes,Yes,Yes,Yes,Yes,No,Yes,Yes,No,Yes,Yes,Yes,Yes,Yes,Yes,Yes,Yes,Yes,Yes,Yes,Yes,Yes,No,Yes,No,Yes,Yes,Yes,Not Voting
116,Senate,1,89,Yes,Yes,Yes,Yes,Yes,Yes,Yes,Yes,Yes,Yes,Yes,Yes,Yes,Yes,Yes,Yes,Yes,Yes,Yes,Yes,Yes,Yes,Yes,Yes,Yes,Yes,Yes,Yes,Yes,Yes,Yes,Yes,Yes,Yes,No,Yes,Yes,Yes,Yes,Yes,Yes,No,Yes,Yes,Yes,Yes,Yes,Yes,Yes,Yes,Yes,Yes,Yes,Yes,Yes,Yes,No,Yes,Yes,Yes,Yes,Yes,Yes,Yes,Yes,Yes,Yes,Yes,Yes,Yes,Yes,Yes,Yes,Yes,Yes,Yes,No,Yes,Yes,Yes,Yes,Yes,Yes,Yes,Yes,Yes,Yes,Yes,Yes,Yes,Yes,Yes,Yes,Yes,Yes,No,Yes,Yes,Yes,Not Voting
116,Senate,1,90,Yes,No,Yes,No,Yes,No,Yes,No,Yes,Yes,No,Yes,No,Yes,No,Yes,Yes,Yes,Yes,Yes,Yes,No,Yes,Yes,Yes,Yes,Yes,No,No,Yes,Yes,No,Yes,Yes,No,Yes,Yes,No,No,Yes,No,No,Yes,Yes,Yes,Yes,Yes,Yes,No,Yes,Yes,No,Yes,Yes,Yes,Yes,No,Yes,Yes,No,No,Yes,Yes,Yes,No,Yes,Yes,No,Yes,No,Yes,Yes,Yes,Yes,Yes,Yes,No,Yes,No,No,Yes,Yes,Yes,Yes,Yes,No,No,Yes,Yes,Yes,Yes,Yes,No,No,No,No,No,Yes,No,Not Voting
116,Senate,1,91,Yes,Yes,Yes,Not Voting,Yes,Yes,Yes,Not Voting,Yes,Yes,Yes,Yes,Yes,Yes,Yes,Yes,Yes,Yes,Yes,Yes,Yes,Yes,Yes,Yes,Yes,Yes,Yes,Yes,Yes,Yes,Yes,Yes,Yes,Yes,No,Yes,Yes,Yes,Yes,Yes,Yes,Yes,Yes,Yes,Yes,Yes,Yes,Yes,Yes,Yes,Yes,No,Yes,Yes,Yes,Yes,No,Yes,Yes,Yes,Yes,Yes,Yes,Yes,Yes,Yes,Yes,No,Yes,Yes,Yes,Yes,Yes,Yes,Yes,Yes,No,Yes,Yes,No,Yes,Yes,Yes,Yes,Yes,Yes,No,Yes,Yes,Yes,Yes,Yes,Yes,Yes,Yes,No,Yes,Yes,Yes,Yes
116,Senate,1,92,Yes,Yes,Yes,Not Voting,Yes,Yes,Yes,Not Voting,Yes,Yes,Yes,Yes,Yes,Yes,Yes,Yes,Yes,Yes,Yes,Yes,Yes,Yes,Yes,Yes,Yes,Yes,Yes,Yes,Yes,Yes,Yes,Yes,Yes,Yes,No,Yes,Yes,Yes,Yes,Yes,Yes,Yes,Yes,Yes,Yes,Yes,Yes,Yes,Yes,Yes,Yes,Yes,Yes,Yes,Yes,Yes,Yes,Yes,Yes,Yes,Yes,Yes,Yes,Yes,Yes,Yes,Yes,Yes,Yes,Yes,Yes,Yes,Yes,Yes,Yes,Yes,No,Yes,Yes,Yes,Yes,Yes,Yes,Yes,Yes,Yes,Yes,Yes,Yes,Yes,Yes,Yes,Yes,Yes,Yes,No,Yes,Yes,Yes,Yes
116,Senate,1,93,Yes,No,Yes,Not Voting,Yes,No,Yes,Not Voting,Yes,Yes,No,Yes,No,Yes,No,Yes,Yes,Yes,Yes,Yes,Yes,No,Yes,Yes,Yes,Yes,Yes,No,No,Yes,Yes,No,Yes,Yes,No,Yes,Yes,No,No,Yes,No,No,Yes,Yes,Yes,Yes,Yes,Yes,No,Yes,Yes,No,Yes,Yes,Yes,Yes,No,Yes,Yes,No,No,Yes,Yes,Yes,No,Yes,Yes,No,Yes,No,Yes,Yes,Yes,Yes,Yes,Yes,No,Yes,No,No,Yes,Yes,Yes,Yes,Yes,No,No,Yes,Yes,Yes,Yes,Yes,No,No,No,No,No,Yes,No,Yes
116,Senate,1,94,No,Yes,No,Not Voting,No,Yes,No,Yes,No,No,Yes,No,Yes,No,Yes,Yes,Yes,No,Yes,Yes,No,Yes,No,No,No,No,Yes,Yes,Yes,No,No,Yes,No,No,Yes,No,No,Yes,Yes,No,Yes,Yes,No,No,No,No,No,Yes,Yes,No,Yes,Yes,No,Yes,Yes,Yes,Yes,No,No,Yes,Yes,Yes,Yes,Yes,Yes,Yes,No,Yes,No,Yes,No,No,No,Yes,No,Not Voting,Yes,No,Yes,Yes,No,No,Yes,No,Yes,Yes,Yes,No,Yes,No,No,No,Yes,Yes,Yes,Yes,Yes,No,Yes,Yes
116,Senate,1,95,Yes,No,Yes,No,Yes,No,Yes,Not Voting,Yes,Yes,No,Yes,No,Yes,No,No,No,Yes,Yes,No,Yes,No,Yes,Yes,Yes,Yes,Yes,No,No,Yes,Yes,No,Yes,Yes,Not Voting,Yes,Yes,Not Voting,No,Yes,No,No,Yes,Yes,Yes,Not Voting,Yes,Yes,No,Yes,No,Not Voting,Yes,No,Yes,Yes,No,Yes,Yes,No,No,Not Voting,Not Voting,No,No,Yes,Yes,No,Yes,No,Yes,Yes,Yes,No,Yes,Not Voting,No,Yes,No,No,Yes,Yes,No,Yes,Yes,No,No,Yes,No,Yes,Yes,Not Voting,No,No,No,No,No,Yes,No,Yes
116,Senate,1,96,Yes,Yes,No,Yes,No,Yes,Yes,Yes,Yes,No,Yes,Yes,Yes,Yes,Yes,Yes,Yes,Yes,Yes,Yes,Yes,Yes,Yes,Yes,Yes,No,No,Yes,Yes,Yes,Yes,Yes,Yes,Yes,Yes,Yes,No,Yes,Yes,No,Yes,Yes,Yes,Yes,No,Yes,Yes,Yes,Yes,No,Yes,Yes,No,Yes,No,Yes,Yes,Yes,Yes,Yes,Yes,Yes,Not Voting,Yes,Yes,Yes,Yes,Yes,Yes,Yes,Yes,Yes,Yes,Yes,Yes,No,No,No,Yes,Yes,Yes,Yes,Yes,No,Yes,Yes,Yes,Yes,Yes,Yes,Yes,No,Yes,Yes,Yes,Yes,Yes,Yes,Yes,No
116,Senate,1,97,Yes,Yes,No,Yes,No,Yes,Yes,Not Voting,Yes,No,Yes,Yes,Yes,Yes,Yes,Yes,Yes,Yes,Yes,Yes,Yes,Yes,Yes,Yes,Yes,No,No,Yes,Yes,Yes,Yes,Yes,Yes,Yes,No,Yes,No,No,Yes,No,Yes,Yes,Yes,Yes,No,Yes,Yes,Yes,Yes,No,Yes,No,No,Yes,No,Yes,No,Yes,Yes,Yes,No,Yes,Not Voting,Yes,Yes,No,Yes,Yes,Yes,Yes,Yes,Yes,Yes,Yes,Yes,No,No,No,Yes,Yes,Yes,Yes,Yes,No,Yes,Yes,Yes,Yes,Yes,Yes,Yes,No,Yes,Yes,Yes,No,Yes,Yes,Yes,No
116,Senate,1,98,Yes,Yes,No,Yes,No,Yes,Yes,Not Voting,Yes,No,Yes,Yes,Yes,Yes,Yes,Yes,Yes,Yes,Yes,Yes,Yes,Yes,Yes,Yes,Yes,No,No,Yes,Yes,Yes,Yes,Yes,Yes,Yes,Yes,Yes,No,Yes,Yes,No,Yes,Yes,Yes,Yes,No,Yes,Yes,Yes,Yes,No,Yes,Yes,No,Yes,No,Yes,Yes,Yes,Yes,Yes,Yes,Yes,Not Voting,Yes,Yes,No,Yes,Yes,Yes,Yes,Yes,Yes,Yes,Yes,Yes,No,No,No,Yes,Yes,Yes,Yes,Yes,No,Yes,Yes,Yes,No,Yes,Yes,Yes,No,Yes,Yes,Yes,Yes,Yes,Yes,Yes,No
116,Senate,1,99,Yes,No,Yes,No,Yes,No,Yes,Not Voting,Yes,Yes,No,Yes,No,Yes,No,No,No,Yes,Yes,No,Yes,No,Yes,Yes,Yes,Yes,Yes,No,No,Yes,Yes,No,Yes,Yes,No,Yes,Yes,No,No,Yes,No,No,Yes,Yes,Yes,Yes,Yes,Yes,No,Yes,No,Not Voting,Yes,No,Yes,Yes,No,Yes,Yes,No,No,Yes,Not Voting,No,No,Yes,Yes,No,Yes,No,Yes,Yes,Yes,No,Yes,Yes,No,Yes,No,No,Yes,Yes,No,Yes,Not Voting,No,No,Yes,No,Yes,Yes,Yes,No,No,No,No,No,Yes,No,Yes
116,Senate,1,100,Yes,Yes,No,Yes,No,Yes,Yes,Not Voting,Yes,No,Yes,Yes,Yes,Yes,Yes,Yes,Yes,Yes,Yes,Yes,Yes,Yes,Yes,Yes,Yes,No,No,Yes,Yes,Yes,Yes,Yes,Yes,Yes,Yes,Yes,No,Yes,Yes,No,Yes,Yes,Yes,Yes,No,Yes,Yes,Yes,Yes,No,Yes,Not Voting,No,Yes,No,Yes,Yes,Yes,Yes,Yes,Yes,Yes,Not Voting,Yes,Yes,Yes,Yes,Yes,Yes,Yes,Yes,Yes,Yes,Yes,Yes,No,No,No,Yes,Yes,Yes,Yes,Yes,No,Not Voting,Yes,Yes,Yes,Yes,Yes,Yes,No,Yes,Yes,Yes,Yes,Yes,Yes,Yes,No
116,Senate,1,101,Yes,Yes,No,Yes,No,Yes,Yes,Not Voting,Yes,No,Yes,Yes,Yes,Yes,Yes,Yes,Yes,Yes,Yes,Yes,Yes,Yes,Yes,Yes,Yes,No,No,Yes,Yes,Yes,Yes,Yes,Yes,Yes,No,Yes,No,No,Yes,No,Yes,Yes,Yes,Yes,No,Yes,Yes,Yes,Yes,No,Yes,Not Voting,No,Yes,No,Yes,No,Yes,Yes,Yes,No,Yes,Not Voting,Yes,Yes,No,Yes,Yes,Yes,Yes,Yes,Yes,Yes,Yes,Yes,No,Not Voting,No,Yes,Yes,Yes,Yes,Yes,No,Not Voting,Yes,Yes,Yes,Yes,Yes,Yes,No,Yes,Yes,Yes,No,Not Voting,Yes,Yes,No
116,Senate,1,102,Yes,Yes,No,Yes,No,Yes,Yes,Not Voting,Yes,No,Yes,Yes,Yes,Yes,Yes,Yes,Yes,Yes,Yes,Yes,Yes,Yes,Yes,Yes,Yes,No,No,Yes,Yes,Yes,Yes,Yes,Yes,Yes,Yes,Yes,No,Yes,Yes,No,Yes,Yes,Yes,Yes,No,Yes,Yes,Yes,Yes,No,Yes,Not Voting,No,Yes,No,Yes,Yes,Yes,Yes,Yes,Yes,Yes,Not Voting,Yes,Yes,No,Yes,Yes,Yes,Yes,Yes,Yes,Yes,Yes,Yes,No,No,No,Yes,Yes,Yes,Yes,Yes,No,Not Voting,Yes,Yes,No,Yes,Yes,Yes,No,Yes,Yes,Yes,Yes,Yes,Yes,Yes,No
116,Senate,1,103,Yes,No,Yes,No,Yes,No,Yes,Not Voting,Yes,Yes,No,Yes,No,Yes,No,No,No,Yes,Yes,No,Yes,No,Yes,Yes,Yes,Yes,Yes,No,No,Yes,Yes,No,Yes,Yes,No,Yes,Yes,No,No,Yes,No,No,Yes,Yes,Yes,Yes,Yes,No,No,Yes,No,Not Voting,Yes,No,Yes,No,No,Yes,Yes,No,No,Yes,Not Voting,No,No,Yes,Yes,No,Yes,No,Yes,Yes,Yes,No,Yes,Yes,No,Yes,No,No,Yes,Yes,No,Yes,Not Voting,No,No,Yes,No,Yes,Yes,Yes,No,No,No,No,No,Yes,No,Yes
116,Senate,1,104,Yes,No,Yes,Not Voting,Yes,No,Yes,Not Voting,Yes,Yes,No,Yes,No,Yes,No,No,No,Yes,Yes,No,Yes,No,Yes,Yes,Yes,Yes,Yes,No,No,Yes,Yes,No,Yes,Yes,No,Yes,Yes,No,No,Yes,No,No,Yes,Yes,Yes,Yes,Yes,No,No,Yes,No,Not Voting,Yes,No,Yes,No,No,Yes,Yes,No,No,Yes,Not Voting,No,No,Yes,Yes,No,Yes,No,Yes,Yes,Yes,No,Yes,Not Voting,No,Yes,No,No,Not Voting,Yes,No,Yes,Not Voting,No,No,Yes,No,Yes,Yes,Yes,No,No,No,No,No,Yes,No,Yes
116,Senate,1,105,Yes,No,Yes,Not Voting,Yes,No,Yes,Not Voting,Yes,Yes,No,Yes,No,Yes,No,No,No,Yes,Yes,No,Yes,No,Yes,Yes,Yes,Yes,Yes,No,No,Yes,Yes,No,Yes,Yes,No,Yes,Yes,No,No,Yes,No,No,Yes,Yes,Yes,Yes,Yes,No,No,Yes,No,Not Voting,Yes,No,Yes,No,No,Yes,Yes,No,No,Yes,Yes,No,No,Yes,Yes,No,Yes,No,Yes,Yes,Yes,No,Yes,Not Voting,No,Yes,No,No,Not Voting,Yes,No,Yes,Not Voting,No,No,Yes,No,Yes,Yes,Yes,No,No,No,No,No,Yes,No,Yes
116,Senate,1,106,Yes,No,Yes,Not Voting,Yes,No,Yes,Not Voting,Yes,Yes,No,Yes,No,Yes,Not Voting,No,No,Yes,Yes,No,Yes,No,Yes,Yes,Yes,Yes,Yes,No,No,Yes,Yes,No,Yes,Yes,No,Yes,Yes,Not Voting,No,Yes,No,No,Yes,Yes,Yes,Yes,Yes,No,No,Yes,No,No,Yes,No,Yes,No,No,Yes,Yes,No,No,Not Voting,Yes,No,No,Yes,Yes,No,Yes,No,Yes,Yes,Yes,No,Yes,Yes,No,Yes,No,No,Yes,Yes,No,Yes,Not Voting,No,No,Yes,No,Yes,Yes,Yes,Not Voting,No,No,No,No,Yes,No,Yes
116,Senate,1,107,Yes,No,Yes,No,Yes,No,Yes,Not Voting,Yes,Yes,Not Voting,Not Voting,No,Yes,No,No,No,Yes,Yes,No,Yes,No,Yes,Yes,Yes,Yes,Yes,No,No,Yes,Yes,No,Yes,Yes,Not Voting,Yes,Yes,No,No,Yes,No,Not Voting,Yes,Yes,Yes,Yes,Yes,No,No,Yes,No,No,Yes,No,Yes,No,No,Yes,Yes,No,No,Yes,Yes,No,No,Yes,Yes,No,Yes,No,Yes,Yes,No,No,Yes,Yes,No,Yes,No,No,Not Voting,Yes,No,Yes,No,No,No,Yes,No,Yes,Yes,Not Voting,No,No,No,Not Voting,No,Yes,No,Yes
116,Senate,1,108,Yes,No,Yes,No,Yes,No,Yes,No,Yes,Yes,No,Yes,No,Yes,No,No,No,Not Voting,Yes,No,Yes,No,Yes,Yes,Yes,Yes,Yes,No,No,Yes,Yes,No,Yes,Yes,Not Voting,Yes,Yes,No,No,Yes,No,Not Voting,Yes,Yes,Yes,Yes,Yes,No,No,Not Voting,No,No,Yes,No,Yes,No,No,Yes,Yes,No,No,Yes,Yes,No,No,Yes,Yes,No,Yes,No,Yes,Yes,No,No,Not Voting,Yes,No,Yes,No,No,Yes,Yes,No,Yes,No,No,No,Yes,No,Yes,Yes,Yes,No,No,No,No,No,Yes,No,Yes
116,Senate,1,109,Yes,No,Yes,No,Yes,No,Yes,No,Yes,Yes,No,Yes,No,Yes,No,No,No,Not Voting,Yes,No,Yes,No,Yes,Yes,Yes,Yes,Yes,No,No,Yes,Yes,No,Yes,Yes,Not Voting,Yes,Yes,No,No,Yes,No,Not Voting,Yes,Yes,Yes,Yes,Yes,No,No,Not Voting,No,No,Yes,No,Yes,No,No,Yes,Yes,No,No,Yes,Yes,No,No,Yes,Yes,No,Yes,No,Yes,Yes,Yes,No,Not Voting,Yes,No,Yes,No,No,Yes,Yes,No,Yes,No,No,No,Yes,No,Yes,Yes,Yes,No,No,No,No,No,Yes,No,Yes
116,Senate,1,110,Yes,No,Yes,No,Yes,No,Yes,Not Voting,Yes,Yes,No,Yes,No,Yes,No,No,No,Yes,Yes,No,Yes,No,Yes,Yes,Yes,Not Voting,Yes,No,No,Yes,Yes,No,Yes,Yes,No,Yes,Yes,No,No,Yes,No,Not Voting,Yes,Yes,Yes,Yes,Yes,No,No,Yes,No,No,Yes,No,Yes,No,No,Yes,Yes,No,No,Yes,Yes,No,No,Yes,Yes,No,Yes,No,Yes,Yes,Yes,No,Yes,Yes,No,Yes,No,No,Yes,Yes,No,Yes,No,No,No,Yes,No,Yes,Yes,Yes,No,No,No,No,No,Yes,No,Yes
116,Senate,1,111,Yes,No,Yes,No,Yes,No,Yes,Not Voting,Yes,Yes,No,Yes,No,Yes,No,No,No,Yes,No,No,Yes,No,Yes,Yes,Yes,Not Voting,Yes,No,No,Yes,Yes,No,Yes,Yes,No,Yes,Yes,No,No,Yes,No,Not Voting,Yes,Yes,Yes,Yes,Yes,No,No,Yes,No,No,Yes,No,Yes,No,No,Yes,Yes,No,No,Yes,Yes,No,No,Yes,Yes,No,Yes,No,Yes,Yes,Yes,No,Yes,Yes,No,Yes,No,No,Yes,Yes,No,Yes,No,No,No,Yes,No,Yes,Yes,Yes,No,No,No,Not Voting,No,Yes,No,Yes
116,Senate,1,112,Yes,Yes,Yes,Yes,Yes,Yes,Yes,Not Voting,Yes,Yes,Yes,Yes,Yes,Yes,Yes,Yes,Yes,Yes,Yes,Yes,Yes,Yes,Yes,Yes,Yes,Not Voting,Yes,Yes,Yes,Yes,Yes,Yes,Yes,Yes,No,Yes,Yes,No,Yes,Yes,Yes,Not Voting,Yes,Yes,Yes,Yes,Yes,Yes,Yes,Yes,Yes,Not Voting,Yes,Yes,Yes,Yes,Yes,Yes,Yes,Yes,Yes,Yes,Yes,Yes,Yes,Yes,Yes,Yes,Yes,Yes,Yes,Yes,Yes,Yes,Yes,Yes,No,Yes,No,Yes,Yes,Yes,Yes,Yes,Yes,Yes,Yes,Yes,Yes,Yes,Yes,Yes,No,Yes,Yes,Not Voting,Yes,Yes,Yes,Yes
116,Senate,1,113,Yes,No,Yes,No,Yes,No,Yes,Not Voting,Yes,Yes,No,Yes,No,Yes,No,No,No,Yes,Yes,No,Yes,No,Yes,Yes,Yes,Not Voting,Yes,No,No,Yes,Yes,No,Yes,Yes,No,Yes,Yes,No,No,Yes,No,Not Voting,Yes,Yes,Yes,Yes,Yes,No,No,Yes,No,No,Yes,No,Yes,No,No,Yes,Yes,No,No,Yes,Yes,No,No,Yes,Yes,No,Yes,No,Yes,Yes,Yes,No,Yes,Yes,No,Yes,No,No,Yes,Yes,No,Yes,No,No,No,Yes,No,Yes,Yes,Yes,No,No,No,Not Voting,No,Yes,No,Yes
116,Senate,1,114,Yes,No,Yes,No,Yes,No,Yes,Not Voting,Yes,Yes,No,Yes,No,Yes,No,No,No,Yes,No,No,Yes,No,Yes,Yes,Yes,Yes,Yes,No,No,Yes,Yes,No,Yes,Yes,Not Voting,Yes,Yes,Not Voting,No,Yes,No,No,Yes,Yes,Yes,Yes,Yes,No,No,Yes,No,No,Yes,No,Yes,No,No,Yes,Yes,No,No,Yes,Yes,No,No,Yes,Yes,No,Yes,No,Yes,Yes,Yes,No,Yes,Yes,No,Yes,No,No,Yes,Yes,No,Yes,No,No,No,Yes,No,Yes,Yes,Yes,No,No,No,No,No,Yes,No,Yes
116,Senate,1,115,Yes,Yes,Yes,Yes,Yes,No,Yes,Not Voting,Yes,Yes,Yes,Yes,Yes,Yes,Yes,Yes,Yes,Yes,Yes,Yes,Yes,Yes,Yes,Yes,Yes,Yes,Yes,Yes,Yes,Yes,Yes,Yes,Yes,Yes,Not Voting,Yes,Yes,Not Voting,Yes,Yes,Yes,No,Yes,Yes,Yes,Yes,Yes,Yes,Yes,Yes,Yes,Yes,Yes,Yes,Yes,Yes,No,Yes,Yes,Yes,Yes,Yes,Yes,Yes,Yes,Yes,Yes,Yes,Yes,Yes,Yes,Yes,Yes,Yes,Yes,Yes,No,Yes,Yes,Yes,Yes,Yes,Yes,Yes,Yes,Yes,Yes,Yes,Yes,Yes,Yes,Yes,Yes,Yes,Yes,No,Yes,Yes,Yes,Yes
116,Senate,1,116,Not Voting,No,Yes,No,Yes,No,Yes,No,Yes,Yes,No,Yes,No,Yes,No,No,No,Yes,Yes,No,Yes,No,Yes,Yes,Yes,Yes,Yes,No,No,Yes,Yes,No,Yes,Yes,Not Voting,Yes,Yes,Not Voting,No,Yes,No,No,Yes,Yes,Yes,Yes,Yes,No,No,Yes,No,No,Yes,No,Yes,No,No,Yes,Yes,No,No,Yes,Yes,No,No,Yes,Yes,No,Yes,No,Yes,Yes,Yes,No,Yes,Yes,No,Yes,No,No,Yes,Yes,No,Yes,No,No,No,Yes,No,Yes,Yes,Yes,No,No,No,No,No,Yes,No,Yes
116,Senate,1,117,Yes,Not Voting,Yes,No,Yes,No,Yes,Not Voting,Yes,Yes,No,Yes,No,Yes,No,No,No,Yes,Yes,No,Yes,No,Yes,Yes,Yes,Yes,Yes,No,No,Yes,Yes,No,Yes,Yes,Not Voting,Yes,Yes,No,No,Yes,No,No,Yes,Yes,Not Voting,Yes,Not Voting,No,No,Yes,No,No,Yes,No,Yes,No,No,Yes,Yes,No,No,Yes,Yes,No,No,Yes,Yes,No,Yes,No,Yes,Yes,Yes,No,Yes,Yes,Not Voting,Yes,No,No,Yes,Yes,No,Yes,No,No,No,Yes,No,Yes,Yes,Yes,No,No,No,No,No,Yes,No,Yes
116,Senate,1,118,Yes,No,Yes,Not Voting,Yes,No,Yes,No,Yes,Yes,No,Yes,No,Yes,No,No,No,Yes,Yes,No,Yes,No,Yes,Yes,Yes,Yes,Yes,No,No,Yes,Yes,No,Yes,Yes,No,Yes,Yes,No,No,Yes,No,No,Yes,Yes,Yes,Yes,Yes,No,No,Yes,No,No,Yes,No,Yes,No,No,Yes,Yes,No,No,Yes,Yes,No,No,Yes,Yes,No,Yes,No,Yes,Yes,Yes,No,Yes,Yes,No,Yes,No,No,Yes,Yes,No,Yes,No,No,No,Yes,No,Yes,Yes,Yes,No,No,No,No,No,Yes,No,Yes
116,Senate,1,119,Yes,No,Yes,Not Voting,Yes,No,Yes,No,Yes,Yes,No,Yes,No,Yes,No,No,No,Yes,No,No,Yes,No,Yes,Yes,Yes,Yes,Yes,No,No,Yes,Yes,No,Yes,Yes,No,Yes,Yes,No,No,Yes,No,No,Yes,Yes,Yes,Yes,Yes,No,No,Yes,No,No,Yes,No,Yes,No,No,Yes,Yes,No,No,Yes,Yes,No,No,Yes,Yes,No,Yes,No,Yes,Yes,Yes,No,Yes,Yes,No,Yes,No,No,Yes,Yes,No,Yes,No,No,No,Yes,No,Yes,Yes,Yes,No,No,No,No,No,Yes,No,Yes
116,Senate,1,120,Yes,No,Yes,Not Voting,Yes,No,Yes,No,Yes,Yes,No,Not Voting,No,Yes,No,No,No,Yes,Yes,No,Yes,No,Yes,Yes,Yes,Yes,Yes,No,No,Yes,Yes,No,Yes,Yes,No,Yes,Yes,No,No,Yes,No,No,Yes,Yes,Yes,Yes,Yes,No,No,Yes,No,No,Yes,No,Yes,Yes,No,Yes,Yes,No,No,Yes,Yes,No,No,Yes,Yes,No,Yes,No,Yes,Yes,Yes,No,Yes,Yes,No,Yes,No,No,Yes,Yes,No,Yes,No,No,No,Yes,No,Yes,Yes,Yes,No,No,No,No,No,Yes,No,Yes
116,Senate,1,121,Yes,No,Yes,Not Voting,Yes,No,Yes,Not Voting,Yes,Yes,No,Not Voting,No,Yes,No,No,No,Yes,Yes,No,Yes,No,Yes,Yes,Yes,Yes,Yes,No,No,Yes,Yes,No,Yes,Yes,No,Yes,Yes,No,No,Yes,No,No,Yes,Yes,Yes,Yes,Yes,Yes,No,Yes,No,No,Yes,No,Yes,Yes,No,Yes,Yes,No,No,Yes,Yes,No,No,Yes,Yes,No,Yes,No,Yes,Yes,Yes,No,Yes,Yes,No,Yes,No,No,Yes,Yes,No,Yes,Yes,No,No,Yes,No,Yes,Yes,Yes,No,No,No,No,No,Yes,No,Yes
116,Senate,1,122,Yes,No,Yes,Not Voting,Yes,No,Yes,Not Voting,Yes,Yes,No,Yes,No,Yes,No,No,No,Yes,Yes,No,Yes,No,Yes,Yes,Yes,Yes,Yes,No,No,Yes,Yes,No,Yes,Yes,No,Yes,Yes,No,No,Yes,No,No,Yes,Yes,Yes,Yes,Yes,Yes,No,Yes,No,No,Yes,No,Yes,Yes,No,Yes,Yes,No,No,Yes,Yes,No,No,Yes,Yes,No,Yes,No,Yes,Yes,Yes,No,Yes,Yes,No,Yes,No,No,Yes,Yes,No,Yes,Yes,No,No,Yes,No,Yes,Yes,Yes,No,No,No,No,No,Yes,No,Yes
116,Senate,1,123,Yes,No,Yes,No,Yes,No,Yes,No,Yes,Yes,No,Yes,No,Yes,No,No,No,Yes,No,No,Yes,No,Yes,Yes,Yes,Yes,Yes,No,No,Yes,Yes,No,Yes,Yes,No,Yes,Yes,Not Voting,No,Yes,No,No,Yes,Yes,Yes,Yes,Yes,No,No,Yes,No,No,Yes,No,Yes,No,No,Yes,Yes,No,No,Yes,Yes,No,No,Yes,Yes,No,Yes,No,Yes,Yes,Yes,No,Yes,Yes,No,Yes,No,No,Yes,Yes,No,Yes,No,No,No,Yes,No,Yes,Not Voting,Yes,No,No,No,No,No,Yes,No,Yes
116,Senate,1,124,Yes,No,Yes,No,Yes,No,Yes,No,Yes,Yes,No,Yes,No,Yes,No,No,No,Yes,Yes,No,Yes,No,Yes,Yes,Yes,Yes,Yes,No,No,Yes,Yes,No,Yes,Yes,No,Yes,Yes,Not Voting,No,Yes,No,No,Yes,Yes,Yes,Yes,Yes,No,No,Yes,No,No,Yes,No,Yes,Yes,No,Yes,Yes,No,No,Yes,Yes,No,No,Yes,Yes,No,Yes,No,Yes,Yes,Yes,No,Yes,Yes,No,Yes,No,No,Yes,Yes,No,Yes,No,No,No,Yes,No,Yes,Not Voting,Yes,No,No,No,No,No,Yes,No,Yes
116,Senate,1,125,Yes,No,Yes,No,Yes,No,Yes,No,Yes,Yes,No,Yes,No,Yes,No,No,No,Yes,Yes,No,Yes,No,Yes,Yes,Yes,Yes,Yes,No,No,Yes,Yes,No,Yes,Yes,No,Yes,Yes,Not Voting,No,Yes,No,No,Yes,Yes,Yes,Yes,Yes,Yes,No,Yes,No,No,Yes,No,Yes,Yes,No,Yes,Yes,No,No,Yes,Yes,No,No,Yes,Yes,No,Yes,No,Yes,Yes,Yes,No,Yes,Yes,No,Yes,No,No,Yes,Yes,No,Yes,Yes,No,No,Yes,No,Yes,Not Voting,Yes,No,No,No,No,No,Yes,No,Yes
116,Senate,1,126,Yes,No,Yes,No,Yes,No,Yes,No,Yes,Yes,No,Yes,No,Yes,No,No,No,Yes,Yes,No,Yes,No,Yes,Yes,Yes,Yes,Yes,No,No,Yes,Yes,No,Yes,Yes,No,Yes,Yes,Not Voting,No,Yes,No,No,Yes,Yes,Yes,Yes,Yes,Yes,No,Yes,No,No,Yes,No,Yes,Yes,No,Yes,Yes,No,No,Yes,Yes,No,No,Yes,Yes,No,Yes,No,Yes,Yes,Yes,No,Yes,Yes,No,Yes,No,No,Yes,Yes,No,Yes,Yes,No,No,Yes,No,Yes,Not Voting,Yes,No,No,No,No,No,Yes,No,Yes
116,Senate,1,127,Yes,Yes,Yes,Yes,Yes,Yes,Yes,Yes,Yes,Yes,Yes,Yes,Yes,Yes,Yes,Yes,Yes,Yes,Yes,Yes,Yes,Yes,Yes,Yes,Yes,Yes,Yes,Yes,Yes,Yes,Yes,Yes,Yes,Yes,Yes,Yes,Yes,Yes,Yes,Yes,Yes,Yes,Yes,Yes,Not Voting,Yes,Yes,Yes,Yes,Yes,Yes,Yes,Yes,Yes,Yes,Yes,Yes,Yes,Yes,Yes,Yes,Yes,Yes,Yes,Yes,No,Yes,Yes,Yes,Yes,Yes,Yes,Yes,Yes,Not Voting,Yes,Yes,Yes,Yes,Yes,Yes,Yes,Yes,Yes,Yes,Yes,Yes,Yes,Yes,Yes,Yes,Yes,Yes,Yes,Yes,Yes,Yes,Yes,Yes,Yes
116,Senate,1,128,Not Voting,Yes,No,Yes,No,Yes,Yes,Yes,Yes,No,Yes,Yes,Yes,Not Voting,Yes,Yes,Yes,Yes,Yes,Yes,Yes,Yes,Yes,Yes,No,Yes,Yes,Yes,Not Voting,Not Voting,Yes,Yes,Yes,Yes,Yes,Yes,Yes,Yes,Yes,Yes,Yes,Yes,Yes,Yes,Yes,Yes,Yes,Yes,Yes,Yes,Yes,Yes,Yes,Yes,No,Yes,Yes,Yes,No,Yes,Yes,Not Voting,Yes,Yes,Yes,No,Yes,Yes,Yes,Yes,No,Yes,No,Yes,Not Voting,Yes,Yes,Yes,Yes,Yes,Yes,Yes,Yes,Yes,Yes,Yes,Yes,Yes,Yes,Yes,Yes,Not Voting,Yes,Yes,Yes,Yes,Yes,Yes,Yes,Yes
116,Senate,1,129,Not Voting,Yes,Yes,Yes,No,Yes,Yes,Yes,Yes,No,Yes,Yes,Yes,Not Voting,Yes,Yes,Yes,Yes,Yes,Yes,Yes,Yes,Yes,Yes,No,Yes,Yes,Yes,Not Voting,Not Voting,Yes,Yes,Yes,Yes,Yes,Yes,Yes,Yes,Yes,Yes,Yes,Yes,Yes,Yes,Yes,Yes,Yes,Yes,Yes,Yes,Yes,Yes,Yes,Yes,No,Yes,Yes,Yes,No,Yes,Yes,Not Voting,Yes,Yes,Yes,No,Yes,Yes,Yes,Yes,No,Yes,No,Yes,Not Voting,Yes,Yes,Yes,Yes,Yes,Yes,Yes,Yes,Yes,Yes,Yes,Yes,Yes,Yes,Yes,Yes,Not Voting,Yes,Yes,Yes,Yes,Yes,Yes,Yes,Yes
116,Senate,1,130,Not Voting,No,Yes,No,Yes,No,No,Not Voting,No,Yes,No,No,No,Not Voting,No,No,No,No,No,No,Yes,No,No,No,Yes,Yes,Yes,No,No,No,Yes,No,Yes,No,No,No,Yes,Not Voting,No,No,No,No,No,Not Voting,No,Yes,No,No,No,Yes,No,No,Yes,No,Yes,No,No,No,No,No,No,Not Voting,No,No,No,Yes,Not Voting,No,No,No,Yes,No,Yes,No,No,No,Not Voting,Yes,No,No,No,Yes,No,Yes,No,No,No,No,No,No,Yes,Yes,No,No,No,Not Voting,No,No,No,No
116,Senate,1,131,Not Voting,No,Yes,Yes,Yes,No,Yes,Not Voting,Yes,Yes,Yes,Yes,Yes,Not Voting,Yes,Yes,Yes,Yes,Yes,Yes,Yes,Yes,Yes,Yes,Yes,Yes,Yes,No,Yes,Yes,Yes,No,Yes,Yes,No,Yes,Yes,Not Voting,Yes,Yes,No,No,Yes,Not Voting,Yes,Yes,Yes,Yes,Yes,Yes,Yes,No,Yes,Yes,Yes,Yes,No,Yes,Yes,Yes,No,Not Voting,Yes,Yes,No,Yes,Not Voting,Yes,Yes,No,Yes,Yes,Yes,Yes,Yes,Yes,Not Voting,Yes,No,Yes,Yes,Yes,Yes,Yes,Yes,No,Yes,Yes,Yes,Yes,Yes,Yes,No,No,Yes,Not Voting,No,Yes,Yes,Yes
116,Senate,1,132,Not Voting,Yes,Yes,Yes,Yes,Not Voting,Yes,Yes,Yes,Yes,Yes,Yes,Yes,Yes,Yes,Yes,Yes,Yes,Yes,Yes,Yes,Yes,Yes,Yes,Yes,Yes,Yes,Yes,Yes,Yes,Yes,Yes,Yes,Yes,Not Voting,Yes,Yes,Not Voting,Yes,Yes,Yes,Yes,Yes,Yes,Yes,Yes,Yes,Yes,Yes,Yes,Yes,Yes,Yes,Yes,Yes,Yes,Yes,Yes,Yes,Yes,Yes,Not Voting,Yes,Yes,Yes,Yes,Yes,Yes,Yes,Yes,Yes,Yes,Yes,Yes,Yes,Yes,Not Voting,Yes,Yes,Yes,Yes,Yes,Yes,Yes,Yes,Yes,Yes,Yes,Yes,Yes,Yes,Yes,Yes,Yes,Yes,Not Voting,Yes,Yes,Yes,Yes
116,Senate,1,133,Not Voting,No,Yes,Yes,Yes,Not Voting,Yes,No,Yes,Yes,Yes,Yes,Yes,Yes,Yes,Yes,Yes,Yes,Yes,Yes,Yes,Yes,Yes,Yes,Yes,Yes,Yes,No,Yes,Yes,Yes,No,Yes,Yes,Not Voting,Yes,Yes,Not Voting,Yes,Yes,No,No,Yes,Yes,Yes,Yes,Yes,Yes,Yes,Yes,Yes,No,Yes,Yes,Yes,Yes,No,Yes,Yes,Yes,No,Not Voting,Yes,Yes,No,Yes,Yes,Yes,Yes,No,Yes,Yes,Yes,Yes,Yes,Yes,Not Voting,Yes,No,Yes,Yes,Yes,Yes,Yes,Yes,No,Yes,Yes,Yes,Yes,Yes,Yes,No,No,Yes,Not Voting,No,Yes,Yes,Yes
116,Senate,1,134,Not Voting,No,Yes,Yes,Yes,Not Voting,Yes,No,Yes,Yes,No,Yes,Yes,Yes,Yes,Yes,Yes,Yes,Yes,Yes,Yes,Yes,Yes,Yes,Yes,Yes,Yes,Yes,Yes,Yes,Yes,Yes,Yes,Yes,Not Voting,Yes,Yes,Not Voting,Yes,Yes,Yes,No,Yes,Yes,Yes,Yes,Yes,Yes,No,Yes,Yes,No,Yes,Yes,Yes,Yes,No,Yes,Yes,Yes,Yes,Not Voting,Yes,Yes,Yes,Yes,Yes,Yes,Yes,Yes,Yes,Yes,Yes,Yes,Yes,Yes,Not Voting,Yes,Yes,Yes,Yes,Yes,Yes,Yes,Yes,No,No,Yes,Yes,Yes,Yes,Yes,No,Yes,Yes,Not Voting,Yes,Yes,Yes,Yes
116,Senate,1,135,Not Voting,Yes,Yes,Yes,Yes,Not Voting,Yes,No,Yes,Yes,Yes,Yes,Yes,Yes,Yes,Not Voting,Yes,Yes,Yes,Yes,Yes,Yes,Yes,Yes,Yes,Yes,Yes,Yes,Yes,Yes,Yes,Yes,Yes,Yes,Not Voting,Yes,Yes,Not Voting,Yes,Yes,Yes,No,Yes,Yes,Yes,Yes,Yes,Yes,Yes,Yes,Yes,No,Yes,Yes,Yes,Yes,No,Yes,Yes,Yes,No,Not Voting,Yes,Yes,Yes,Yes,Yes,Yes,Yes,No,Yes,Yes,Yes,Yes,Yes,Yes,Not Voting,Yes,No,No,Yes,Yes,Yes,Yes,Yes,Yes,Yes,Yes,Yes,Yes,Yes,Yes,No,Not Voting,Yes,Not Voting,Yes,Yes,Yes,Yes
116,Senate,1,136,Not Voting,Yes,Yes,Yes,Yes,No,Yes,No,Yes,Yes,Yes,Yes,Yes,Yes,Yes,Not Voting,Yes,Yes,Yes,Yes,Yes,Yes,Yes,Yes,Yes,Yes,Yes,Yes,Yes,Yes,Yes,Yes,Yes,Yes,Not Voting,Yes,Yes,Not Voting,Yes,Yes,Yes,No,Yes,Yes,Yes,Yes,Yes,Yes,Yes,Yes,Yes,No,Yes,Yes,Yes,Yes,No,Yes,Yes,Yes,No,Not Voting,Yes,Yes,Yes,Yes,Yes,Yes,Yes,No,Yes,Yes,Yes,Yes,Yes,Yes,Not Voting,Yes,No,No,Yes,Yes,Yes,Yes,Yes,Yes,Yes,Yes,Yes,Yes,Yes,Yes,No,Yes,Yes,Not Voting,Yes,Yes,Yes,Yes
116,Senate,1,137,Not Voting,No,Yes,Yes,Yes,Yes,Yes,No,Yes,Yes,No,Yes,Yes,Yes,Yes,Yes,Yes,Yes,Yes,Yes,Yes,Yes,Yes,Yes,Yes,Yes,Yes,Not Voting,Yes,Yes,Yes,Yes,Yes,Yes,Not Voting,Yes,Yes,No,Yes,Yes,Yes,No,Yes,Yes,Yes,Yes,Yes,Yes,No,Yes,Yes,No,Yes,Yes,Yes,Yes,No,Yes,Yes,Yes,Yes,Not Voting,Yes,Yes,Yes,Yes,Yes,Yes,Yes,Yes,Yes,Yes,Yes,Yes,Yes,Yes,Not Voting,Yes,Yes,Yes,Yes,Yes,Yes,Yes,Yes,No,No,Yes,Yes,Yes,Yes,Yes,No,Yes,Yes,Not Voting,Yes,Yes,Yes,Yes
116,Senate,1,138,Not Voting,Yes,Yes,Yes,Yes,No,Yes,No,Yes,Yes,Yes,Yes,Yes,Yes,Yes,Yes,Yes,Yes,Yes,Yes,Yes,Yes,Yes,Yes,Yes,Not Voting,Yes,Not Voting,Yes,Yes,Yes,Yes,Yes,Yes,Not Voting,Yes,Yes,No,Yes,Yes,Yes,No,Yes,Yes,Yes,Yes,Yes,Yes,Yes,Yes,Yes,No,Yes,Yes,Yes,Yes,No,Yes,Yes,Yes,No,Not Voting,Yes,Yes,Yes,Yes,Yes,Yes,Yes,Yes,Yes,Yes,Yes,Yes,Yes,Yes,Not Voting,Yes,No,No,Yes,Yes,Yes,Yes,Yes,Yes,Yes,Yes,Yes,Yes,Yes,Yes,Yes,Yes,Yes,Not Voting,Yes,Yes,Yes,Yes
116,Senate,1,139,Not Voting,Yes,Yes,Yes,Yes,No,Yes,No,Yes,Yes,Yes,Yes,Yes,Yes,Yes,Yes,Yes,Yes,Yes,Yes,Yes,Yes,Yes,Yes,Yes,Yes,Yes,Not Voting,Yes,Yes,Yes,Yes,Yes,Yes,Not Voting,Yes,Yes,No,Yes,Yes,Yes,No,Yes,Yes,Yes,Yes,Yes,Yes,Yes,Yes,Yes,No,Yes,Yes,Yes,Yes,No,Yes,Yes,Yes,No,Not Voting,Yes,Yes,Yes,Yes,Yes,Yes,Yes,Yes,Yes,Yes,Yes,Yes,Yes,Yes,Not Voting,Yes,No,No,Yes,Yes,Yes,Yes,Yes,Yes,Yes,Yes,Yes,Yes,Yes,Yes,Yes,Yes,Yes,Not Voting,Yes,Yes,Yes,Yes
116,Senate,1,140,Not Voting,No,Yes,No,Yes,No,Yes,No,Yes,Yes,No,Yes,Yes,Yes,No,No,No,Not Voting,Yes,No,Yes,No,Yes,Yes,Yes,Yes,Yes,Not Voting,No,Yes,Yes,No,Yes,Yes,Not Voting,Yes,Yes,No,No,Yes,No,No,Yes,Yes,Yes,Yes,Yes,Yes,No,Yes,Yes,No,Yes,No,Yes,Yes,No,Yes,Yes,No,No,Not Voting,Yes,Yes,No,Yes,Yes,No,Yes,No,Yes,Yes,Yes,No,Yes,Yes,Not Voting,Yes,No,No,Yes,Yes,No,Yes,Yes,No,No,Yes,No,Yes,Yes,Yes,No,No,No,Not Voting,No,Yes,No,Yes
116,Senate,1,141,Not Voting,No,Yes,No,Yes,No,Yes,Not Voting,Yes,Yes,No,Yes,Yes,Yes,No,No,No,Yes,Yes,No,Yes,No,Yes,Yes,Yes,Yes,Yes,No,No,Yes,Yes,No,Yes,Yes,Not Voting,Yes,Yes,No,No,Yes,No,No,Yes,Yes,Yes,Yes,Yes,Yes,No,Yes,Yes,No,Yes,No,Yes,Yes,Not Voting,Yes,Yes,No,No,Not Voting,Yes,Yes,No,Yes,Yes,No,Yes,No,Yes,Yes,Yes,No,Yes,Yes,Not Voting,Yes,No,No,Yes,Yes,No,Yes,Yes,No,No,Yes,No,Yes,Yes,Yes,No,No,No,Not Voting,No,Yes,No,Yes
116,Senate,1,142,Not Voting,No,Yes,No,Yes,No,Yes,Not Voting,Yes,Yes,Yes,Yes,No,Yes,No,Yes,No,Yes,Yes,Yes,Yes,No,Yes,Yes,Yes,Yes,Yes,No,Yes,Yes,Yes,No,Yes,Yes,Not Voting,Yes,Yes,No,No,Yes,No,No,Yes,Yes,Yes,Yes,Yes,Yes,No,Yes,Yes,No,Yes,No,Yes,Yes,Not Voting,Yes,Yes,No,No,Not Voting,Yes,No,No,Yes,Yes,No,Yes,No,Yes,Yes,Yes,No,Yes,Yes,Not Voting,Yes,No,No,Yes,Yes,No,Yes,Yes,No,No,Yes,Yes,Yes,Yes,Yes,No,No,No,Not Voting,No,Yes,No,Yes
116,Senate,1,143,Not Voting,No,Yes,Yes,Yes,No,Yes,Not Voting,Yes,Yes,No,Yes,No,Yes,Yes,Yes,Yes,Yes,Yes,Yes,Yes,No,Yes,Yes,Yes,Yes,Yes,No,Yes,Yes,Yes,Yes,Yes,Yes,Not Voting,Yes,Yes,No,Yes,Yes,No,No,Yes,Yes,Yes,Yes,Yes,Yes,Yes,Yes,Yes,No,Yes,Yes,Yes,Yes,Not Voting,Yes,Yes,No,No,Not Voting,Yes,Yes,No,Yes,Yes,No,Yes,Yes,Yes,Yes,Yes,Yes,Yes,Yes,Not Voting,Yes,No,No,Yes,Yes,Yes,Yes,Yes,No,Yes,Yes,Yes,Yes,Yes,Yes,No,Yes,Yes,Not Voting,Yes,Yes,No,Yes
116,Senate,1,144,Not Voting,Yes,Yes,No,Yes,No,Yes,Not Voting,Yes,Yes,No,Yes,No,Yes,Yes,Yes,No,Yes,Yes,Yes,Yes,No,Yes,Yes,Yes,Yes,Yes,No,Yes,Yes,Yes,Yes,Yes,Yes,Not Voting,Yes,Yes,No,No,Yes,Yes,No,Yes,Yes,Not Voting,Yes,Yes,Yes,Yes,Yes,Yes,Not Voting,Yes,Yes,Yes,Yes,Not Voting,Yes,Yes,No,No,Not Voting,Yes,Yes,No,Yes,Yes,No,Yes,Yes,Yes,Yes,Yes,No,Yes,Not Voting,Not Voting,Yes,No,No,Yes,Yes,No,Yes,Yes,No,No,Yes,Yes,Yes,Yes,Not Voting,No,No,Yes,Not Voting,Yes,Yes,No,Yes
